t,Ek,Ep,Ec
0,0,7.53765e-09,7.53765e-09
0.001,7.84882e-15,7.53764e-09,7.53765e-09
0.002,3.13952e-14,7.53762e-09,7.53765e-09
0.003,7.06392e-14,7.53758e-09,7.53765e-09
0.004,1.25581e-13,7.53753e-09,7.53766e-09
0.005,1.96219e-13,7.53746e-09,7.53766e-09
0.006,2.82555e-13,7.53738e-09,7.53766e-09
0.007,3.84587e-13,7.53728e-09,7.53767e-09
0.008,5.02315e-13,7.53717e-09,7.53767e-09
0.009,6.3574e-13,7.53704e-09,7.53768e-09
0.01,7.84859e-13,7.5369e-09,7.53768e-09
0.011,9.49673e-13,7.53674e-09,7.53769e-09
0.012,1.13018e-12,7.53657e-09,7.5377e-09
0.013,1.32638e-12,7.53638e-09,7.53771e-09
0.014,1.53828e-12,7.53618e-09,7.53771e-09
0.015,1.76586e-12,7.53596e-09,7.53772e-09
0.016,2.00914e-12,7.53572e-09,7.53773e-09
0.017,2.26811e-12,7.53547e-09,7.53774e-09
0.018,2.54276e-12,7.53521e-09,7.53775e-09
0.019,2.83311e-12,7.53493e-09,7.53777e-09
0.02,3.13914e-12,7.53464e-09,7.53778e-09
0.021,3.46085e-12,7.53433e-09,7.53779e-09
0.022,3.79826e-12,7.53401e-09,7.5378e-09
0.023,4.15134e-12,7.53367e-09,7.53782e-09
0.024,4.5201e-12,7.53331e-09,7.53783e-09
0.025,4.90455e-12,7.53294e-09,7.53785e-09
0.026,5.30467e-12,7.53256e-09,7.53786e-09
0.027,5.72047e-12,7.53216e-09,7.53788e-09
0.028,6.15195e-12,7.53175e-09,7.5379e-09
0.029,6.5991e-12,7.53132e-09,7.53792e-09
0.03,7.06192e-12,7.53087e-09,7.53793e-09
0.031,7.54041e-12,7.53041e-09,7.53795e-09
0.032,8.03457e-12,7.52994e-09,7.53797e-09
0.033,8.5444e-12,7.52945e-09,7.53799e-09
0.034,9.06989e-12,7.52894e-09,7.53801e-09
0.035,9.61104e-12,7.52843e-09,7.53804e-09
0.036,1.01679e-11,7.52789e-09,7.53806e-09
0.037,1.07403e-11,7.52734e-09,7.53808e-09
0.038,1.13285e-11,7.52678e-09,7.5381e-09
0.039,1.19322e-11,7.5262e-09,7.53813e-09
0.04,1.25517e-11,7.5256e-09,7.53815e-09
0.041,1.31867e-11,7.52499e-09,7.53818e-09
0.042,1.38375e-11,7.52437e-09,7.53821e-09
0.043,1.45038e-11,7.52373e-09,7.53823e-09
0.044,1.51858e-11,7.52307e-09,7.53826e-09
0.045,1.58835e-11,7.5224e-09,7.53829e-09
0.046,1.65968e-11,7.52172e-09,7.53832e-09
0.047,1.73257e-11,7.52102e-09,7.53834e-09
0.048,1.80702e-11,7.5203e-09,7.53837e-09
0.049,1.88304e-11,7.51957e-09,7.5384e-09
0.05,1.96062e-11,7.51883e-09,7.53844e-09
0.051,2.03976e-11,7.51807e-09,7.53847e-09
0.052,2.12046e-11,7.5173e-09,7.5385e-09
0.053,2.20273e-11,7.51651e-09,7.53853e-09
0.054,2.28655e-11,7.5157e-09,7.53857e-09
0.055,2.37194e-11,7.51488e-09,7.5386e-09
0.056,2.45889e-11,7.51405e-09,7.53864e-09
0.057,2.54739e-11,7.5132e-09,7.53867e-09
0.058,2.63746e-11,7.51233e-09,7.53871e-09
0.059,2.72908e-11,7.51145e-09,7.53874e-09
0.06,2.82227e-11,7.51056e-09,7.53878e-09
0.061,2.91701e-11,7.50965e-09,7.53882e-09
0.062,3.01331e-11,7.50872e-09,7.53886e-09
0.063,3.11117e-11,7.50778e-09,7.5389e-09
0.064,3.21059e-11,7.50683e-09,7.53894e-09
0.065,3.31157e-11,7.50586e-09,7.53898e-09
0.066,3.4141e-11,7.50488e-09,7.53902e-09
0.067,3.51818e-11,7.50388e-09,7.53906e-09
0.068,3.62383e-11,7.50286e-09,7.5391e-09
0.069,3.73102e-11,7.50183e-09,7.53914e-09
0.07,3.83978e-11,7.50079e-09,7.53919e-09
0.071,3.95009e-11,7.49973e-09,7.53923e-09
0.072,4.06195e-11,7.49866e-09,7.53928e-09
0.073,4.17536e-11,7.49757e-09,7.53932e-09
0.074,4.29033e-11,7.49646e-09,7.53937e-09
0.075,4.40685e-11,7.49535e-09,7.53941e-09
0.076,4.52493e-11,7.49421e-09,7.53946e-09
0.077,4.64455e-11,7.49306e-09,7.53951e-09
0.078,4.76573e-11,7.4919e-09,7.53956e-09
0.079,4.88846e-11,7.49072e-09,7.53961e-09
0.08,5.01274e-11,7.48953e-09,7.53966e-09
0.081,5.13857e-11,7.48832e-09,7.53971e-09
0.082,5.26594e-11,7.4871e-09,7.53976e-09
0.083,5.39487e-11,7.48586e-09,7.53981e-09
0.084,5.52535e-11,7.48461e-09,7.53986e-09
0.085,5.65737e-11,7.48334e-09,7.53991e-09
0.086,5.79094e-11,7.48206e-09,7.53997e-09
0.087,5.92606e-11,7.48076e-09,7.54002e-09
0.088,6.06272e-11,7.47945e-09,7.54008e-09
0.089,6.20093e-11,7.47812e-09,7.54013e-09
0.09,6.34068e-11,7.47678e-09,7.54019e-09
0.091,6.48198e-11,7.47542e-09,7.54024e-09
0.092,6.62483e-11,7.47405e-09,7.5403e-09
0.093,6.76921e-11,7.47267e-09,7.54036e-09
0.094,6.91514e-11,7.47127e-09,7.54042e-09
0.095,7.06261e-11,7.46985e-09,7.54048e-09
0.096,7.21163e-11,7.46842e-09,7.54054e-09
0.097,7.36218e-11,7.46697e-09,7.5406e-09
0.098,7.51428e-11,7.46551e-09,7.54066e-09
0.099,7.66791e-11,7.46404e-09,7.54072e-09
0.1,7.82309e-11,7.46255e-09,7.54078e-09
0.101,7.9798e-11,7.46105e-09,7.54084e-09
0.102,8.13805e-11,7.45953e-09,7.54091e-09
0.103,8.29784e-11,7.45799e-09,7.54097e-09
0.104,8.45916e-11,7.45644e-09,7.54104e-09
0.105,8.62203e-11,7.45488e-09,7.5411e-09
0.106,8.78642e-11,7.4533e-09,7.54117e-09
0.107,8.95236e-11,7.45171e-09,7.54123e-09
0.108,9.11982e-11,7.4501e-09,7.5413e-09
0.109,9.28882e-11,7.44848e-09,7.54137e-09
0.11,9.45935e-11,7.44684e-09,7.54144e-09
0.111,9.63142e-11,7.44519e-09,7.5415e-09
0.112,9.80502e-11,7.44352e-09,7.54157e-09
0.113,9.98014e-11,7.44184e-09,7.54164e-09
0.114,1.01568e-10,7.44015e-09,7.54171e-09
0.115,1.0335e-10,7.43844e-09,7.54179e-09
0.116,1.05147e-10,7.43671e-09,7.54186e-09
0.117,1.06959e-10,7.43497e-09,7.54193e-09
0.118,1.08787e-10,7.43322e-09,7.542e-09
0.119,1.1063e-10,7.43145e-09,7.54208e-09
0.12,1.12488e-10,7.42966e-09,7.54215e-09
0.121,1.14362e-10,7.42786e-09,7.54223e-09
0.122,1.16251e-10,7.42605e-09,7.5423e-09
0.123,1.18155e-10,7.42422e-09,7.54238e-09
0.124,1.20074e-10,7.42238e-09,7.54246e-09
0.125,1.22008e-10,7.42052e-09,7.54253e-09
0.126,1.23958e-10,7.41865e-09,7.54261e-09
0.127,1.25923e-10,7.41677e-09,7.54269e-09
0.128,1.27903e-10,7.41487e-09,7.54277e-09
0.129,1.29898e-10,7.41295e-09,7.54285e-09
0.13,1.31908e-10,7.41102e-09,7.54293e-09
0.131,1.33934e-10,7.40908e-09,7.54301e-09
0.132,1.35975e-10,7.40712e-09,7.54309e-09
0.133,1.3803e-10,7.40514e-09,7.54317e-09
0.134,1.40101e-10,7.40316e-09,7.54326e-09
0.135,1.42188e-10,7.40115e-09,7.54334e-09
0.136,1.44289e-10,7.39914e-09,7.54342e-09
0.137,1.46405e-10,7.3971e-09,7.54351e-09
0.138,1.48537e-10,7.39506e-09,7.54359e-09
0.139,1.50684e-10,7.393e-09,7.54368e-09
0.14,1.52845e-10,7.39092e-09,7.54377e-09
0.141,1.55022e-10,7.38883e-09,7.54385e-09
0.142,1.57214e-10,7.38673e-09,7.54394e-09
0.143,1.59421e-10,7.38461e-09,7.54403e-09
0.144,1.61643e-10,7.38248e-09,7.54412e-09
0.145,1.6388e-10,7.38033e-09,7.54421e-09
0.146,1.66132e-10,7.37817e-09,7.5443e-09
0.147,1.684e-10,7.37599e-09,7.54439e-09
0.148,1.70682e-10,7.3738e-09,7.54448e-09
0.149,1.72979e-10,7.37159e-09,7.54457e-09
0.15,1.75291e-10,7.36937e-09,7.54467e-09
0.151,1.77619e-10,7.36714e-09,7.54476e-09
0.152,1.79961e-10,7.36489e-09,7.54485e-09
0.153,1.82318e-10,7.36263e-09,7.54495e-09
0.154,1.8469e-10,7.36035e-09,7.54504e-09
0.155,1.87077e-10,7.35806e-09,7.54514e-09
0.156,1.8948e-10,7.35575e-09,7.54523e-09
0.157,1.91897e-10,7.35343e-09,7.54533e-09
0.158,1.94329e-10,7.3511e-09,7.54543e-09
0.159,1.96776e-10,7.34875e-09,7.54553e-09
0.16,1.99237e-10,7.34639e-09,7.54562e-09
0.161,2.01714e-10,7.34401e-09,7.54572e-09
0.162,2.04206e-10,7.34162e-09,7.54582e-09
0.163,2.06712e-10,7.33921e-09,7.54592e-09
0.164,2.09234e-10,7.33679e-09,7.54602e-09
0.165,2.1177e-10,7.33436e-09,7.54613e-09
0.166,2.14321e-10,7.33191e-09,7.54623e-09
0.167,2.16887e-10,7.32944e-09,7.54633e-09
0.168,2.19468e-10,7.32697e-09,7.54643e-09
0.169,2.22063e-10,7.32447e-09,7.54654e-09
0.17,2.24674e-10,7.32197e-09,7.54664e-09
0.171,2.27299e-10,7.31945e-09,7.54675e-09
0.172,2.29939e-10,7.31691e-09,7.54685e-09
0.173,2.32594e-10,7.31437e-09,7.54696e-09
0.174,2.35263e-10,7.3118e-09,7.54707e-09
0.175,2.37948e-10,7.30923e-09,7.54717e-09
0.176,2.40647e-10,7.30664e-09,7.54728e-09
0.177,2.43361e-10,7.30403e-09,7.54739e-09
0.178,2.46089e-10,7.30141e-09,7.5475e-09
0.179,2.48833e-10,7.29878e-09,7.54761e-09
0.18,2.5159e-10,7.29613e-09,7.54772e-09
0.181,2.54363e-10,7.29347e-09,7.54783e-09
0.182,2.57151e-10,7.29079e-09,7.54794e-09
0.183,2.59953e-10,7.2881e-09,7.54806e-09
0.184,2.62769e-10,7.2854e-09,7.54817e-09
0.185,2.65601e-10,7.28268e-09,7.54828e-09
0.186,2.68447e-10,7.27995e-09,7.5484e-09
0.187,2.71307e-10,7.2772e-09,7.54851e-09
0.188,2.74182e-10,7.27444e-09,7.54863e-09
0.189,2.77072e-10,7.27167e-09,7.54874e-09
0.19,2.79977e-10,7.26888e-09,7.54886e-09
0.191,2.82896e-10,7.26608e-09,7.54897e-09
0.192,2.85829e-10,7.26326e-09,7.54909e-09
0.193,2.88777e-10,7.26043e-09,7.54921e-09
0.194,2.9174e-10,7.25759e-09,7.54933e-09
0.195,2.94717e-10,7.25473e-09,7.54945e-09
0.196,2.97709e-10,7.25186e-09,7.54957e-09
0.197,3.00715e-10,7.24897e-09,7.54969e-09
0.198,3.03736e-10,7.24607e-09,7.54981e-09
0.199,3.06771e-10,7.24316e-09,7.54993e-09
0.2,3.09821e-10,7.24023e-09,7.55005e-09
0.201,3.12885e-10,7.23729e-09,7.55018e-09
0.202,3.15964e-10,7.23433e-09,7.5503e-09
0.203,3.19057e-10,7.23137e-09,7.55042e-09
0.204,3.22165e-10,7.22838e-09,7.55055e-09
0.205,3.25286e-10,7.22539e-09,7.55067e-09
0.206,3.28423e-10,7.22237e-09,7.5508e-09
0.207,3.31573e-10,7.21935e-09,7.55092e-09
0.208,3.34739e-10,7.21631e-09,7.55105e-09
0.209,3.37918e-10,7.21326e-09,7.55118e-09
0.21,3.41112e-10,7.21019e-09,7.55131e-09
0.211,3.4432e-10,7.20711e-09,7.55143e-09
0.212,3.47542e-10,7.20402e-09,7.55156e-09
0.213,3.50779e-10,7.20091e-09,7.55169e-09
0.214,3.5403e-10,7.19779e-09,7.55182e-09
0.215,3.57296e-10,7.19466e-09,7.55195e-09
0.216,3.60575e-10,7.19151e-09,7.55209e-09
0.217,3.63869e-10,7.18835e-09,7.55222e-09
0.218,3.67177e-10,7.18517e-09,7.55235e-09
0.219,3.705e-10,7.18198e-09,7.55248e-09
0.22,3.73836e-10,7.17878e-09,7.55262e-09
0.221,3.77187e-10,7.17556e-09,7.55275e-09
0.222,3.80552e-10,7.17233e-09,7.55289e-09
0.223,3.83931e-10,7.16909e-09,7.55302e-09
0.224,3.87325e-10,7.16583e-09,7.55316e-09
0.225,3.90732e-10,7.16256e-09,7.55329e-09
0.226,3.94154e-10,7.15928e-09,7.55343e-09
0.227,3.9759e-10,7.15598e-09,7.55357e-09
0.228,4.0104e-10,7.15267e-09,7.55371e-09
0.229,4.04504e-10,7.14934e-09,7.55385e-09
0.23,4.07982e-10,7.146e-09,7.55399e-09
0.231,4.11474e-10,7.14265e-09,7.55413e-09
0.232,4.1498e-10,7.13929e-09,7.55427e-09
0.233,4.185e-10,7.13591e-09,7.55441e-09
0.234,4.22034e-10,7.13251e-09,7.55455e-09
0.235,4.25583e-10,7.12911e-09,7.55469e-09
0.236,4.29145e-10,7.12569e-09,7.55483e-09
0.237,4.32721e-10,7.12226e-09,7.55498e-09
0.238,4.36312e-10,7.11881e-09,7.55512e-09
0.239,4.39916e-10,7.11535e-09,7.55527e-09
0.24,4.43534e-10,7.11188e-09,7.55541e-09
0.241,4.47166e-10,7.10839e-09,7.55556e-09
0.242,4.50812e-10,7.10489e-09,7.5557e-09
0.243,4.54472e-10,7.10138e-09,7.55585e-09
0.244,4.58146e-10,7.09785e-09,7.556e-09
0.245,4.61833e-10,7.09431e-09,7.55614e-09
0.246,4.65535e-10,7.09076e-09,7.55629e-09
0.247,4.6925e-10,7.08719e-09,7.55644e-09
0.248,4.72979e-10,7.08361e-09,7.55659e-09
0.249,4.76722e-10,7.08002e-09,7.55674e-09
0.25,4.80479e-10,7.07641e-09,7.55689e-09
0.251,4.8425e-10,7.07279e-09,7.55704e-09
0.252,4.88034e-10,7.06916e-09,7.55719e-09
0.253,4.91832e-10,7.06551e-09,7.55735e-09
0.254,4.95644e-10,7.06185e-09,7.5575e-09
0.255,4.9947e-10,7.05818e-09,7.55765e-09
0.256,5.03309e-10,7.0545e-09,7.55781e-09
0.257,5.07162e-10,7.0508e-09,7.55796e-09
0.258,5.11028e-10,7.04709e-09,7.55812e-09
0.259,5.14909e-10,7.04336e-09,7.55827e-09
0.26,5.18803e-10,7.03962e-09,7.55843e-09
0.261,5.2271e-10,7.03587e-09,7.55858e-09
0.262,5.26631e-10,7.03211e-09,7.55874e-09
0.263,5.30566e-10,7.02833e-09,7.5589e-09
0.264,5.34514e-10,7.02454e-09,7.55906e-09
0.265,5.38476e-10,7.02074e-09,7.55922e-09
0.266,5.42452e-10,7.01692e-09,7.55938e-09
0.267,5.46441e-10,7.01309e-09,7.55954e-09
0.268,5.50443e-10,7.00925e-09,7.5597e-09
0.269,5.54459e-10,7.0054e-09,7.55986e-09
0.27,5.58489e-10,7.00153e-09,7.56002e-09
0.271,5.62532e-10,6.99765e-09,7.56018e-09
0.272,5.66588e-10,6.99375e-09,7.56034e-09
0.273,5.70658e-10,6.98985e-09,7.56051e-09
0.274,5.74741e-10,6.98593e-09,7.56067e-09
0.275,5.78838e-10,6.982e-09,7.56083e-09
0.276,5.82948e-10,6.97805e-09,7.561e-09
0.277,5.87072e-10,6.97409e-09,7.56116e-09
0.278,5.91209e-10,6.97012e-09,7.56133e-09
0.279,5.95359e-10,6.96614e-09,7.5615e-09
0.28,5.99522e-10,6.96214e-09,7.56166e-09
0.281,6.03699e-10,6.95813e-09,7.56183e-09
0.282,6.07889e-10,6.95411e-09,7.562e-09
0.283,6.12092e-10,6.95008e-09,7.56217e-09
0.284,6.16309e-10,6.94603e-09,7.56234e-09
0.285,6.20539e-10,6.94197e-09,7.56251e-09
0.286,6.24782e-10,6.93789e-09,7.56268e-09
0.287,6.29038e-10,6.93381e-09,7.56285e-09
0.288,6.33308e-10,6.92971e-09,7.56302e-09
0.289,6.3759e-10,6.9256e-09,7.56319e-09
0.29,6.41886e-10,6.92148e-09,7.56336e-09
0.291,6.46195e-10,6.91734e-09,7.56354e-09
0.292,6.50517e-10,6.91319e-09,7.56371e-09
0.293,6.54852e-10,6.90903e-09,7.56388e-09
0.294,6.592e-10,6.90486e-09,7.56406e-09
0.295,6.63562e-10,6.90067e-09,7.56423e-09
0.296,6.67936e-10,6.89647e-09,7.56441e-09
0.297,6.72324e-10,6.89226e-09,7.56458e-09
0.298,6.76724e-10,6.88804e-09,7.56476e-09
0.299,6.81137e-10,6.8838e-09,7.56494e-09
0.3,6.85564e-10,6.87955e-09,7.56511e-09
0.301,6.90003e-10,6.87529e-09,7.56529e-09
0.302,6.94455e-10,6.87102e-09,7.56547e-09
0.303,6.98921e-10,6.86673e-09,7.56565e-09
0.304,7.03399e-10,6.86243e-09,7.56583e-09
0.305,7.0789e-10,6.85812e-09,7.56601e-09
0.306,7.12394e-10,6.8538e-09,7.56619e-09
0.307,7.1691e-10,6.84946e-09,7.56637e-09
0.308,7.2144e-10,6.84511e-09,7.56655e-09
0.309,7.25982e-10,6.84075e-09,7.56674e-09
0.31,7.30538e-10,6.83638e-09,7.56692e-09
0.311,7.35106e-10,6.832e-09,7.5671e-09
0.312,7.39686e-10,6.8276e-09,7.56729e-09
0.313,7.4428e-10,6.82319e-09,7.56747e-09
0.314,7.48886e-10,6.81877e-09,7.56765e-09
0.315,7.53505e-10,6.81433e-09,7.56784e-09
0.316,7.58137e-10,6.80989e-09,7.56803e-09
0.317,7.62781e-10,6.80543e-09,7.56821e-09
0.318,7.67438e-10,6.80096e-09,7.5684e-09
0.319,7.72108e-10,6.79648e-09,7.56859e-09
0.32,7.7679e-10,6.79198e-09,7.56877e-09
0.321,7.81485e-10,6.78748e-09,7.56896e-09
0.322,7.86192e-10,6.78296e-09,7.56915e-09
0.323,7.90912e-10,6.77843e-09,7.56934e-09
0.324,7.95645e-10,6.77389e-09,7.56953e-09
0.325,8.0039e-10,6.76933e-09,7.56972e-09
0.326,8.05147e-10,6.76476e-09,7.56991e-09
0.327,8.09917e-10,6.76019e-09,7.5701e-09
0.328,8.147e-10,6.7556e-09,7.57029e-09
0.329,8.19494e-10,6.75099e-09,7.57049e-09
0.33,8.24302e-10,6.74638e-09,7.57068e-09
0.331,8.29122e-10,6.74175e-09,7.57087e-09
0.332,8.33954e-10,6.73711e-09,7.57107e-09
0.333,8.38798e-10,6.73246e-09,7.57126e-09
0.334,8.43655e-10,6.7278e-09,7.57146e-09
0.335,8.48524e-10,6.72313e-09,7.57165e-09
0.336,8.53406e-10,6.71844e-09,7.57185e-09
0.337,8.583e-10,6.71374e-09,7.57204e-09
0.338,8.63206e-10,6.70904e-09,7.57224e-09
0.339,8.68124e-10,6.70431e-09,7.57244e-09
0.34,8.73055e-10,6.69958e-09,7.57264e-09
0.341,8.77997e-10,6.69484e-09,7.57283e-09
0.342,8.82952e-10,6.69008e-09,7.57303e-09
0.343,8.8792e-10,6.68531e-09,7.57323e-09
0.344,8.92899e-10,6.68053e-09,7.57343e-09
0.345,8.9789e-10,6.67574e-09,7.57363e-09
0.346,9.02894e-10,6.67094e-09,7.57383e-09
0.347,9.0791e-10,6.66613e-09,7.57404e-09
0.348,9.12937e-10,6.6613e-09,7.57424e-09
0.349,9.17977e-10,6.65646e-09,7.57444e-09
0.35,9.23029e-10,6.65161e-09,7.57464e-09
0.351,9.28093e-10,6.64675e-09,7.57485e-09
0.352,9.33169e-10,6.64188e-09,7.57505e-09
0.353,9.38256e-10,6.637e-09,7.57525e-09
0.354,9.43356e-10,6.6321e-09,7.57546e-09
0.355,9.48468e-10,6.6272e-09,7.57566e-09
0.356,9.53591e-10,6.62228e-09,7.57587e-09
0.357,9.58727e-10,6.61735e-09,7.57607e-09
0.358,9.63874e-10,6.61241e-09,7.57628e-09
0.359,9.69034e-10,6.60745e-09,7.57649e-09
0.36,9.74205e-10,6.60249e-09,7.5767e-09
0.361,9.79387e-10,6.59752e-09,7.5769e-09
0.362,9.84582e-10,6.59253e-09,7.57711e-09
0.363,9.89789e-10,6.58753e-09,7.57732e-09
0.364,9.95007e-10,6.58252e-09,7.57753e-09
0.365,1.00024e-09,6.5775e-09,7.57774e-09
0.366,1.00548e-09,6.57247e-09,7.57795e-09
0.367,1.01073e-09,6.56743e-09,7.57816e-09
0.368,1.016e-09,6.56238e-09,7.57837e-09
0.369,1.02127e-09,6.55731e-09,7.57859e-09
0.37,1.02656e-09,6.55224e-09,7.5788e-09
0.371,1.03186e-09,6.54715e-09,7.57901e-09
0.372,1.03717e-09,6.54205e-09,7.57922e-09
0.373,1.0425e-09,6.53694e-09,7.57944e-09
0.374,1.04783e-09,6.53182e-09,7.57965e-09
0.375,1.05318e-09,6.52669e-09,7.57987e-09
0.376,1.05853e-09,6.52155e-09,7.58008e-09
0.377,1.0639e-09,6.51639e-09,7.5803e-09
0.378,1.06928e-09,6.51123e-09,7.58051e-09
0.379,1.07467e-09,6.50605e-09,7.58073e-09
0.38,1.08008e-09,6.50087e-09,7.58095e-09
0.381,1.08549e-09,6.49567e-09,7.58116e-09
0.382,1.09092e-09,6.49046e-09,7.58138e-09
0.383,1.09636e-09,6.48524e-09,7.5816e-09
0.384,1.1018e-09,6.48001e-09,7.58182e-09
0.385,1.10726e-09,6.47477e-09,7.58204e-09
0.386,1.11274e-09,6.46952e-09,7.58226e-09
0.387,1.11822e-09,6.46426e-09,7.58248e-09
0.388,1.12371e-09,6.45899e-09,7.5827e-09
0.389,1.12922e-09,6.4537e-09,7.58292e-09
0.39,1.13473e-09,6.44841e-09,7.58314e-09
0.391,1.14026e-09,6.4431e-09,7.58336e-09
0.392,1.1458e-09,6.43779e-09,7.58359e-09
0.393,1.15135e-09,6.43246e-09,7.58381e-09
0.394,1.15691e-09,6.42712e-09,7.58403e-09
0.395,1.16248e-09,6.42177e-09,7.58426e-09
0.396,1.16806e-09,6.41642e-09,7.58448e-09
0.397,1.17366e-09,6.41105e-09,7.5847e-09
0.398,1.17926e-09,6.40567e-09,7.58493e-09
0.399,1.18488e-09,6.40028e-09,7.58515e-09
0.4,1.19051e-09,6.39488e-09,7.58538e-09
0.401,1.19614e-09,6.38946e-09,7.58561e-09
0.402,1.20179e-09,6.38404e-09,7.58583e-09
0.403,1.20745e-09,6.37861e-09,7.58606e-09
0.404,1.21312e-09,6.37317e-09,7.58629e-09
0.405,1.2188e-09,6.36771e-09,7.58652e-09
0.406,1.2245e-09,6.36225e-09,7.58675e-09
0.407,1.2302e-09,6.35678e-09,7.58698e-09
0.408,1.23591e-09,6.35129e-09,7.5872e-09
0.409,1.24164e-09,6.3458e-09,7.58743e-09
0.41,1.24737e-09,6.34029e-09,7.58767e-09
0.411,1.25312e-09,6.33478e-09,7.5879e-09
0.412,1.25887e-09,6.32925e-09,7.58813e-09
0.413,1.26464e-09,6.32372e-09,7.58836e-09
0.414,1.27042e-09,6.31817e-09,7.58859e-09
0.415,1.27621e-09,6.31261e-09,7.58882e-09
0.416,1.28201e-09,6.30705e-09,7.58906e-09
0.417,1.28782e-09,6.30147e-09,7.58929e-09
0.418,1.29364e-09,6.29589e-09,7.58952e-09
0.419,1.29947e-09,6.29029e-09,7.58976e-09
0.42,1.30531e-09,6.28468e-09,7.58999e-09
0.421,1.31116e-09,6.27906e-09,7.59023e-09
0.422,1.31703e-09,6.27344e-09,7.59046e-09
0.423,1.3229e-09,6.2678e-09,7.5907e-09
0.424,1.32878e-09,6.26215e-09,7.59094e-09
0.425,1.33467e-09,6.2565e-09,7.59117e-09
0.426,1.34058e-09,6.25083e-09,7.59141e-09
0.427,1.34649e-09,6.24515e-09,7.59165e-09
0.428,1.35242e-09,6.23947e-09,7.59189e-09
0.429,1.35835e-09,6.23377e-09,7.59212e-09
0.43,1.3643e-09,6.22806e-09,7.59236e-09
0.431,1.37025e-09,6.22235e-09,7.5926e-09
0.432,1.37622e-09,6.21662e-09,7.59284e-09
0.433,1.3822e-09,6.21089e-09,7.59308e-09
0.434,1.38818e-09,6.20514e-09,7.59332e-09
0.435,1.39418e-09,6.19939e-09,7.59356e-09
0.436,1.40018e-09,6.19362e-09,7.5938e-09
0.437,1.4062e-09,6.18785e-09,7.59405e-09
0.438,1.41223e-09,6.18206e-09,7.59429e-09
0.439,1.41826e-09,6.17627e-09,7.59453e-09
0.44,1.42431e-09,6.17046e-09,7.59477e-09
0.441,1.43037e-09,6.16465e-09,7.59502e-09
0.442,1.43643e-09,6.15883e-09,7.59526e-09
0.443,1.44251e-09,6.15299e-09,7.59551e-09
0.444,1.4486e-09,6.14715e-09,7.59575e-09
0.445,1.45469e-09,6.1413e-09,7.596e-09
0.446,1.4608e-09,6.13544e-09,7.59624e-09
0.447,1.46692e-09,6.12957e-09,7.59649e-09
0.448,1.47304e-09,6.12369e-09,7.59673e-09
0.449,1.47918e-09,6.1178e-09,7.59698e-09
0.45,1.48532e-09,6.1119e-09,7.59723e-09
0.451,1.49148e-09,6.10599e-09,7.59747e-09
0.452,1.49764e-09,6.10008e-09,7.59772e-09
0.453,1.50382e-09,6.09415e-09,7.59797e-09
0.454,1.51e-09,6.08821e-09,7.59822e-09
0.455,1.5162e-09,6.08227e-09,7.59847e-09
0.456,1.5224e-09,6.07631e-09,7.59872e-09
0.457,1.52862e-09,6.07035e-09,7.59897e-09
0.458,1.53484e-09,6.06438e-09,7.59922e-09
0.459,1.54107e-09,6.05839e-09,7.59947e-09
0.46,1.54731e-09,6.0524e-09,7.59972e-09
0.461,1.55357e-09,6.0464e-09,7.59997e-09
0.462,1.55983e-09,6.04039e-09,7.60022e-09
0.463,1.5661e-09,6.03437e-09,7.60047e-09
0.464,1.57238e-09,6.02835e-09,7.60073e-09
0.465,1.57867e-09,6.02231e-09,7.60098e-09
0.466,1.58497e-09,6.01626e-09,7.60123e-09
0.467,1.59128e-09,6.01021e-09,7.60149e-09
0.468,1.59759e-09,6.00415e-09,7.60174e-09
0.469,1.60392e-09,5.99807e-09,7.60199e-09
0.47,1.61026e-09,5.99199e-09,7.60225e-09
0.471,1.6166e-09,5.9859e-09,7.6025e-09
0.472,1.62296e-09,5.9798e-09,7.60276e-09
0.473,1.62932e-09,5.97369e-09,7.60301e-09
0.474,1.63569e-09,5.96758e-09,7.60327e-09
0.475,1.64208e-09,5.96145e-09,7.60353e-09
0.476,1.64847e-09,5.95532e-09,7.60378e-09
0.477,1.65487e-09,5.94917e-09,7.60404e-09
0.478,1.66128e-09,5.94302e-09,7.6043e-09
0.479,1.6677e-09,5.93686e-09,7.60456e-09
0.48,1.67413e-09,5.93069e-09,7.60482e-09
0.481,1.68056e-09,5.92451e-09,7.60508e-09
0.482,1.68701e-09,5.91833e-09,7.60533e-09
0.483,1.69346e-09,5.91213e-09,7.60559e-09
0.484,1.69993e-09,5.90593e-09,7.60585e-09
0.485,1.7064e-09,5.89971e-09,7.60611e-09
0.486,1.71288e-09,5.89349e-09,7.60637e-09
0.487,1.71937e-09,5.88726e-09,7.60664e-09
0.488,1.72587e-09,5.88103e-09,7.6069e-09
0.489,1.73238e-09,5.87478e-09,7.60716e-09
0.49,1.7389e-09,5.86852e-09,7.60742e-09
0.491,1.74542e-09,5.86226e-09,7.60768e-09
0.492,1.75196e-09,5.85599e-09,7.60795e-09
0.493,1.7585e-09,5.84971e-09,7.60821e-09
0.494,1.76505e-09,5.84342e-09,7.60847e-09
0.495,1.77161e-09,5.83713e-09,7.60874e-09
0.496,1.77818e-09,5.83082e-09,7.609e-09
0.497,1.78476e-09,5.82451e-09,7.60927e-09
0.498,1.79134e-09,5.81819e-09,7.60953e-09
0.499,1.79794e-09,5.81186e-09,7.6098e-09
0.5,1.80454e-09,5.80552e-09,7.61006e-09
0.501,1.81115e-09,5.79917e-09,7.61033e-09
0.502,1.81777e-09,5.79282e-09,7.61059e-09
0.503,1.8244e-09,5.78646e-09,7.61086e-09
0.504,1.83104e-09,5.78009e-09,7.61113e-09
0.505,1.83769e-09,5.77371e-09,7.61139e-09
0.506,1.84434e-09,5.76732e-09,7.61166e-09
0.507,1.851e-09,5.76093e-09,7.61193e-09
0.508,1.85767e-09,5.75453e-09,7.6122e-09
0.509,1.86435e-09,5.74812e-09,7.61247e-09
0.51,1.87104e-09,5.7417e-09,7.61274e-09
0.511,1.87773e-09,5.73527e-09,7.61301e-09
0.512,1.88444e-09,5.72884e-09,7.61327e-09
0.513,1.89115e-09,5.7224e-09,7.61354e-09
0.514,1.89787e-09,5.71595e-09,7.61382e-09
0.515,1.90459e-09,5.70949e-09,7.61409e-09
0.516,1.91133e-09,5.70303e-09,7.61436e-09
0.517,1.91807e-09,5.69655e-09,7.61463e-09
0.518,1.92483e-09,5.69007e-09,7.6149e-09
0.519,1.93159e-09,5.68358e-09,7.61517e-09
0.52,1.93836e-09,5.67709e-09,7.61544e-09
0.521,1.94513e-09,5.67059e-09,7.61572e-09
0.522,1.95191e-09,5.66407e-09,7.61599e-09
0.523,1.95871e-09,5.65756e-09,7.61626e-09
0.524,1.96551e-09,5.65103e-09,7.61654e-09
0.525,1.97231e-09,5.6445e-09,7.61681e-09
0.526,1.97913e-09,5.63796e-09,7.61708e-09
0.527,1.98595e-09,5.63141e-09,7.61736e-09
0.528,1.99278e-09,5.62485e-09,7.61763e-09
0.529,1.99962e-09,5.61829e-09,7.61791e-09
0.53,2.00647e-09,5.61172e-09,7.61819e-09
0.531,2.01332e-09,5.60514e-09,7.61846e-09
0.532,2.02018e-09,5.59855e-09,7.61874e-09
0.533,2.02705e-09,5.59196e-09,7.61901e-09
0.534,2.03393e-09,5.58536e-09,7.61929e-09
0.535,2.04082e-09,5.57875e-09,7.61957e-09
0.536,2.04771e-09,5.57214e-09,7.61984e-09
0.537,2.05461e-09,5.56552e-09,7.62012e-09
0.538,2.06151e-09,5.55889e-09,7.6204e-09
0.539,2.06843e-09,5.55225e-09,7.62068e-09
0.54,2.07535e-09,5.54561e-09,7.62096e-09
0.541,2.08228e-09,5.53896e-09,7.62124e-09
0.542,2.08922e-09,5.5323e-09,7.62152e-09
0.543,2.09616e-09,5.52563e-09,7.62179e-09
0.544,2.10311e-09,5.51896e-09,7.62207e-09
0.545,2.11007e-09,5.51228e-09,7.62235e-09
0.546,2.11704e-09,5.5056e-09,7.62264e-09
0.547,2.12401e-09,5.49891e-09,7.62292e-09
0.548,2.13099e-09,5.49221e-09,7.6232e-09
0.549,2.13798e-09,5.4855e-09,7.62348e-09
0.55,2.14497e-09,5.47879e-09,7.62376e-09
0.551,2.15198e-09,5.47207e-09,7.62404e-09
0.552,2.15898e-09,5.46534e-09,7.62432e-09
0.553,2.166e-09,5.45861e-09,7.62461e-09
0.554,2.17302e-09,5.45186e-09,7.62489e-09
0.555,2.18005e-09,5.44512e-09,7.62517e-09
0.556,2.18709e-09,5.43836e-09,7.62546e-09
0.557,2.19414e-09,5.4316e-09,7.62574e-09
0.558,2.20119e-09,5.42484e-09,7.62602e-09
0.559,2.20824e-09,5.41806e-09,7.62631e-09
0.56,2.21531e-09,5.41128e-09,7.62659e-09
0.561,2.22238e-09,5.40449e-09,7.62688e-09
0.562,2.22946e-09,5.3977e-09,7.62716e-09
0.563,2.23655e-09,5.3909e-09,7.62745e-09
0.564,2.24364e-09,5.38409e-09,7.62773e-09
0.565,2.25074e-09,5.37728e-09,7.62802e-09
0.566,2.25784e-09,5.37046e-09,7.6283e-09
0.567,2.26495e-09,5.36364e-09,7.62859e-09
0.568,2.27207e-09,5.3568e-09,7.62888e-09
0.569,2.2792e-09,5.34996e-09,7.62916e-09
0.57,2.28633e-09,5.34312e-09,7.62945e-09
0.571,2.29347e-09,5.33627e-09,7.62974e-09
0.572,2.30061e-09,5.32941e-09,7.63003e-09
0.573,2.30777e-09,5.32255e-09,7.63031e-09
0.574,2.31492e-09,5.31568e-09,7.6306e-09
0.575,2.32209e-09,5.3088e-09,7.63089e-09
0.576,2.32926e-09,5.30192e-09,7.63118e-09
0.577,2.33644e-09,5.29503e-09,7.63147e-09
0.578,2.34362e-09,5.28814e-09,7.63176e-09
0.579,2.35081e-09,5.28124e-09,7.63205e-09
0.58,2.35801e-09,5.27433e-09,7.63234e-09
0.581,2.36521e-09,5.26742e-09,7.63263e-09
0.582,2.37242e-09,5.2605e-09,7.63292e-09
0.583,2.37964e-09,5.25357e-09,7.63321e-09
0.584,2.38686e-09,5.24664e-09,7.6335e-09
0.585,2.39408e-09,5.23971e-09,7.63379e-09
0.586,2.40132e-09,5.23276e-09,7.63408e-09
0.587,2.40856e-09,5.22581e-09,7.63437e-09
0.588,2.4158e-09,5.21886e-09,7.63467e-09
0.589,2.42306e-09,5.2119e-09,7.63496e-09
0.59,2.43031e-09,5.20494e-09,7.63525e-09
0.591,2.43758e-09,5.19796e-09,7.63554e-09
0.592,2.44485e-09,5.19099e-09,7.63584e-09
0.593,2.45212e-09,5.184e-09,7.63613e-09
0.594,2.45941e-09,5.17702e-09,7.63642e-09
0.595,2.46669e-09,5.17002e-09,7.63672e-09
0.596,2.47399e-09,5.16302e-09,7.63701e-09
0.597,2.48129e-09,5.15602e-09,7.6373e-09
0.598,2.48859e-09,5.14901e-09,7.6376e-09
0.599,2.4959e-09,5.14199e-09,7.63789e-09
0.6,2.50322e-09,5.13497e-09,7.63819e-09
0.601,2.51054e-09,5.12794e-09,7.63848e-09
0.602,2.51787e-09,5.12091e-09,7.63878e-09
0.603,2.5252e-09,5.11387e-09,7.63907e-09
0.604,2.53254e-09,5.10683e-09,7.63937e-09
0.605,2.53989e-09,5.09978e-09,7.63966e-09
0.606,2.54724e-09,5.09272e-09,7.63996e-09
0.607,2.55459e-09,5.08566e-09,7.64026e-09
0.608,2.56196e-09,5.0786e-09,7.64055e-09
0.609,2.56932e-09,5.07153e-09,7.64085e-09
0.61,2.57669e-09,5.06445e-09,7.64115e-09
0.611,2.58407e-09,5.05737e-09,7.64144e-09
0.612,2.59146e-09,5.05029e-09,7.64174e-09
0.613,2.59884e-09,5.0432e-09,7.64204e-09
0.614,2.60624e-09,5.0361e-09,7.64234e-09
0.615,2.61364e-09,5.029e-09,7.64264e-09
0.616,2.62104e-09,5.02189e-09,7.64293e-09
0.617,2.62845e-09,5.01478e-09,7.64323e-09
0.618,2.63587e-09,5.00767e-09,7.64353e-09
0.619,2.64329e-09,5.00055e-09,7.64383e-09
0.62,2.65071e-09,4.99342e-09,7.64413e-09
0.621,2.65814e-09,4.98629e-09,7.64443e-09
0.622,2.66558e-09,4.97915e-09,7.64473e-09
0.623,2.67302e-09,4.97201e-09,7.64503e-09
0.624,2.68046e-09,4.96487e-09,7.64533e-09
0.625,2.68791e-09,4.95772e-09,7.64563e-09
0.626,2.69537e-09,4.95056e-09,7.64593e-09
0.627,2.70283e-09,4.9434e-09,7.64623e-09
0.628,2.71029e-09,4.93624e-09,7.64653e-09
0.629,2.71776e-09,4.92907e-09,7.64683e-09
0.63,2.72524e-09,4.9219e-09,7.64713e-09
0.631,2.73272e-09,4.91472e-09,7.64744e-09
0.632,2.7402e-09,4.90754e-09,7.64774e-09
0.633,2.74769e-09,4.90035e-09,7.64804e-09
0.634,2.75518e-09,4.89316e-09,7.64834e-09
0.635,2.76268e-09,4.88596e-09,7.64864e-09
0.636,2.77019e-09,4.87876e-09,7.64895e-09
0.637,2.77769e-09,4.87155e-09,7.64925e-09
0.638,2.78521e-09,4.86435e-09,7.64955e-09
0.639,2.79272e-09,4.85713e-09,7.64985e-09
0.64,2.80024e-09,4.84991e-09,7.65016e-09
0.641,2.80777e-09,4.84269e-09,7.65046e-09
0.642,2.8153e-09,4.83546e-09,7.65076e-09
0.643,2.82284e-09,4.82823e-09,7.65107e-09
0.644,2.83038e-09,4.821e-09,7.65137e-09
0.645,2.83792e-09,4.81376e-09,7.65168e-09
0.646,2.84547e-09,4.80651e-09,7.65198e-09
0.647,2.85302e-09,4.79927e-09,7.65229e-09
0.648,2.86058e-09,4.79201e-09,7.65259e-09
0.649,2.86814e-09,4.78476e-09,7.6529e-09
0.65,2.8757e-09,4.7775e-09,7.6532e-09
0.651,2.88327e-09,4.77023e-09,7.65351e-09
0.652,2.89085e-09,4.76296e-09,7.65381e-09
0.653,2.89843e-09,4.75569e-09,7.65412e-09
0.654,2.90601e-09,4.74842e-09,7.65442e-09
0.655,2.91359e-09,4.74113e-09,7.65473e-09
0.656,2.92118e-09,4.73385e-09,7.65503e-09
0.657,2.92878e-09,4.72656e-09,7.65534e-09
0.658,2.93638e-09,4.71927e-09,7.65565e-09
0.659,2.94398e-09,4.71198e-09,7.65595e-09
0.66,2.95158e-09,4.70468e-09,7.65626e-09
0.661,2.95919e-09,4.69737e-09,7.65657e-09
0.662,2.96681e-09,4.69007e-09,7.65687e-09
0.663,2.97443e-09,4.68276e-09,7.65718e-09
0.664,2.98205e-09,4.67544e-09,7.65749e-09
0.665,2.98967e-09,4.66812e-09,7.6578e-09
0.666,2.9973e-09,4.6608e-09,7.6581e-09
0.667,3.00493e-09,4.65348e-09,7.65841e-09
0.668,3.01257e-09,4.64615e-09,7.65872e-09
0.669,3.02021e-09,4.63882e-09,7.65903e-09
0.67,3.02786e-09,4.63148e-09,7.65934e-09
0.671,3.0355e-09,4.62414e-09,7.65965e-09
0.672,3.04315e-09,4.6168e-09,7.65995e-09
0.673,3.05081e-09,4.60945e-09,7.66026e-09
0.674,3.05847e-09,4.60211e-09,7.66057e-09
0.675,3.06613e-09,4.59475e-09,7.66088e-09
0.676,3.07379e-09,4.5874e-09,7.66119e-09
0.677,3.08146e-09,4.58004e-09,7.6615e-09
0.678,3.08913e-09,4.57268e-09,7.66181e-09
0.679,3.09681e-09,4.56531e-09,7.66212e-09
0.68,3.10449e-09,4.55794e-09,7.66243e-09
0.681,3.11217e-09,4.55057e-09,7.66274e-09
0.682,3.11985e-09,4.5432e-09,7.66305e-09
0.683,3.12754e-09,4.53582e-09,7.66336e-09
0.684,3.13523e-09,4.52844e-09,7.66367e-09
0.685,3.14293e-09,4.52105e-09,7.66398e-09
0.686,3.15063e-09,4.51366e-09,7.66429e-09
0.687,3.15833e-09,4.50627e-09,7.6646e-09
0.688,3.16603e-09,4.49888e-09,7.66491e-09
0.689,3.17374e-09,4.49149e-09,7.66522e-09
0.69,3.18145e-09,4.48409e-09,7.66553e-09
0.691,3.18916e-09,4.47668e-09,7.66585e-09
0.692,3.19688e-09,4.46928e-09,7.66616e-09
0.693,3.2046e-09,4.46187e-09,7.66647e-09
0.694,3.21232e-09,4.45446e-09,7.66678e-09
0.695,3.22004e-09,4.44705e-09,7.66709e-09
0.696,3.22777e-09,4.43963e-09,7.6674e-09
0.697,3.2355e-09,4.43222e-09,7.66772e-09
0.698,3.24323e-09,4.42479e-09,7.66803e-09
0.699,3.25097e-09,4.41737e-09,7.66834e-09
0.7,3.25871e-09,4.40994e-09,7.66865e-09
0.701,3.26645e-09,4.40252e-09,7.66897e-09
0.702,3.27419e-09,4.39508e-09,7.66928e-09
0.703,3.28194e-09,4.38765e-09,7.66959e-09
0.704,3.28969e-09,4.38021e-09,7.6699e-09
0.705,3.29744e-09,4.37278e-09,7.67022e-09
0.706,3.30519e-09,4.36533e-09,7.67053e-09
0.707,3.31295e-09,4.35789e-09,7.67084e-09
0.708,3.32071e-09,4.35045e-09,7.67116e-09
0.709,3.32847e-09,4.343e-09,7.67147e-09
0.71,3.33624e-09,4.33555e-09,7.67178e-09
0.711,3.344e-09,4.32809e-09,7.6721e-09
0.712,3.35177e-09,4.32064e-09,7.67241e-09
0.713,3.35954e-09,4.31318e-09,7.67272e-09
0.714,3.36732e-09,4.30572e-09,7.67304e-09
0.715,3.37509e-09,4.29826e-09,7.67335e-09
0.716,3.38287e-09,4.2908e-09,7.67367e-09
0.717,3.39065e-09,4.28333e-09,7.67398e-09
0.718,3.39843e-09,4.27586e-09,7.67429e-09
0.719,3.40621e-09,4.26839e-09,7.67461e-09
0.72,3.414e-09,4.26092e-09,7.67492e-09
0.721,3.42179e-09,4.25345e-09,7.67524e-09
0.722,3.42958e-09,4.24597e-09,7.67555e-09
0.723,3.43737e-09,4.23849e-09,7.67587e-09
0.724,3.44517e-09,4.23101e-09,7.67618e-09
0.725,3.45296e-09,4.22353e-09,7.6765e-09
0.726,3.46076e-09,4.21605e-09,7.67681e-09
0.727,3.46856e-09,4.20856e-09,7.67713e-09
0.728,3.47636e-09,4.20108e-09,7.67744e-09
0.729,3.48417e-09,4.19359e-09,7.67776e-09
0.73,3.49197e-09,4.1861e-09,7.67807e-09
0.731,3.49978e-09,4.17861e-09,7.67839e-09
0.732,3.50759e-09,4.17111e-09,7.6787e-09
0.733,3.5154e-09,4.16362e-09,7.67902e-09
0.734,3.52321e-09,4.15612e-09,7.67933e-09
0.735,3.53102e-09,4.14862e-09,7.67965e-09
0.736,3.53884e-09,4.14112e-09,7.67996e-09
0.737,3.54666e-09,4.13362e-09,7.68028e-09
0.738,3.55448e-09,4.12612e-09,7.6806e-09
0.739,3.5623e-09,4.11862e-09,7.68091e-09
0.74,3.57012e-09,4.11111e-09,7.68123e-09
0.741,3.57794e-09,4.1036e-09,7.68154e-09
0.742,3.58577e-09,4.09609e-09,7.68186e-09
0.743,3.59359e-09,4.08859e-09,7.68218e-09
0.744,3.60142e-09,4.08107e-09,7.68249e-09
0.745,3.60925e-09,4.07356e-09,7.68281e-09
0.746,3.61708e-09,4.06605e-09,7.68312e-09
0.747,3.62491e-09,4.05853e-09,7.68344e-09
0.748,3.63274e-09,4.05102e-09,7.68376e-09
0.749,3.64057e-09,4.0435e-09,7.68407e-09
0.75,3.64841e-09,4.03598e-09,7.68439e-09
0.751,3.65624e-09,4.02846e-09,7.68471e-09
0.752,3.66408e-09,4.02094e-09,7.68502e-09
0.753,3.67192e-09,4.01342e-09,7.68534e-09
0.754,3.67976e-09,4.0059e-09,7.68566e-09
0.755,3.6876e-09,3.99838e-09,7.68597e-09
0.756,3.69544e-09,3.99086e-09,7.68629e-09
0.757,3.70328e-09,3.98333e-09,7.68661e-09
0.758,3.71112e-09,3.9758e-09,7.68693e-09
0.759,3.71896e-09,3.96828e-09,7.68724e-09
0.76,3.72681e-09,3.96075e-09,7.68756e-09
0.761,3.73465e-09,3.95322e-09,7.68788e-09
0.762,3.7425e-09,3.94569e-09,7.68819e-09
0.763,3.75035e-09,3.93816e-09,7.68851e-09
0.764,3.75819e-09,3.93063e-09,7.68883e-09
0.765,3.76604e-09,3.9231e-09,7.68915e-09
0.766,3.77389e-09,3.91557e-09,7.68946e-09
0.767,3.78174e-09,3.90804e-09,7.68978e-09
0.768,3.78959e-09,3.90051e-09,7.6901e-09
0.769,3.79744e-09,3.89297e-09,7.69041e-09
0.77,3.80529e-09,3.88544e-09,7.69073e-09
0.771,3.81314e-09,3.87791e-09,7.69105e-09
0.772,3.82099e-09,3.87037e-09,7.69137e-09
0.773,3.82885e-09,3.86284e-09,7.69168e-09
0.774,3.8367e-09,3.8553e-09,7.692e-09
0.775,3.84455e-09,3.84777e-09,7.69232e-09
0.776,3.85241e-09,3.84023e-09,7.69264e-09
0.777,3.86026e-09,3.83269e-09,7.69295e-09
0.778,3.86811e-09,3.82516e-09,7.69327e-09
0.779,3.87597e-09,3.81762e-09,7.69359e-09
0.78,3.88382e-09,3.81008e-09,7.69391e-09
0.781,3.89168e-09,3.80255e-09,7.69422e-09
0.782,3.89953e-09,3.79501e-09,7.69454e-09
0.783,3.90739e-09,3.78747e-09,7.69486e-09
0.784,3.91524e-09,3.77993e-09,7.69518e-09
0.785,3.9231e-09,3.7724e-09,7.69549e-09
0.786,3.93095e-09,3.76486e-09,7.69581e-09
0.787,3.93881e-09,3.75732e-09,7.69613e-09
0.788,3.94666e-09,3.74978e-09,7.69645e-09
0.789,3.95452e-09,3.74225e-09,7.69677e-09
0.79,3.96237e-09,3.73471e-09,7.69708e-09
0.791,3.97023e-09,3.72717e-09,7.6974e-09
0.792,3.97808e-09,3.71964e-09,7.69772e-09
0.793,3.98594e-09,3.7121e-09,7.69804e-09
0.794,3.99379e-09,3.70456e-09,7.69835e-09
0.795,4.00165e-09,3.69703e-09,7.69867e-09
0.796,4.0095e-09,3.68949e-09,7.69899e-09
0.797,4.01735e-09,3.68195e-09,7.69931e-09
0.798,4.02521e-09,3.67442e-09,7.69962e-09
0.799,4.03306e-09,3.66688e-09,7.69994e-09
0.8,4.04091e-09,3.65935e-09,7.70026e-09
0.801,4.04876e-09,3.65182e-09,7.70058e-09
0.802,4.05661e-09,3.64428e-09,7.7009e-09
0.803,4.06446e-09,3.63675e-09,7.70121e-09
0.804,4.07231e-09,3.62922e-09,7.70153e-09
0.805,4.08016e-09,3.62168e-09,7.70185e-09
0.806,4.08801e-09,3.61415e-09,7.70217e-09
0.807,4.09586e-09,3.60662e-09,7.70248e-09
0.808,4.10371e-09,3.59909e-09,7.7028e-09
0.809,4.11156e-09,3.59156e-09,7.70312e-09
0.81,4.1194e-09,3.58403e-09,7.70344e-09
0.811,4.12725e-09,3.57651e-09,7.70375e-09
0.812,4.13509e-09,3.56898e-09,7.70407e-09
0.813,4.14294e-09,3.56145e-09,7.70439e-09
0.814,4.15078e-09,3.55393e-09,7.70471e-09
0.815,4.15862e-09,3.5464e-09,7.70502e-09
0.816,4.16646e-09,3.53888e-09,7.70534e-09
0.817,4.1743e-09,3.53135e-09,7.70566e-09
0.818,4.18214e-09,3.52383e-09,7.70597e-09
0.819,4.18998e-09,3.51631e-09,7.70629e-09
0.82,4.19782e-09,3.50879e-09,7.70661e-09
0.821,4.20565e-09,3.50127e-09,7.70693e-09
0.822,4.21349e-09,3.49375e-09,7.70724e-09
0.823,4.22132e-09,3.48624e-09,7.70756e-09
0.824,4.22916e-09,3.47872e-09,7.70788e-09
0.825,4.23699e-09,3.47121e-09,7.70819e-09
0.826,4.24482e-09,3.46369e-09,7.70851e-09
0.827,4.25265e-09,3.45618e-09,7.70883e-09
0.828,4.26048e-09,3.44867e-09,7.70915e-09
0.829,4.2683e-09,3.44116e-09,7.70946e-09
0.83,4.27613e-09,3.43365e-09,7.70978e-09
0.831,4.28395e-09,3.42615e-09,7.7101e-09
0.832,4.29177e-09,3.41864e-09,7.71041e-09
0.833,4.29959e-09,3.41114e-09,7.71073e-09
0.834,4.30741e-09,3.40363e-09,7.71105e-09
0.835,4.31523e-09,3.39613e-09,7.71136e-09
0.836,4.32305e-09,3.38863e-09,7.71168e-09
0.837,4.33086e-09,3.38113e-09,7.712e-09
0.838,4.33868e-09,3.37364e-09,7.71231e-09
0.839,4.34649e-09,3.36614e-09,7.71263e-09
0.84,4.3543e-09,3.35865e-09,7.71294e-09
0.841,4.36211e-09,3.35116e-09,7.71326e-09
0.842,4.36991e-09,3.34366e-09,7.71358e-09
0.843,4.37772e-09,3.33618e-09,7.71389e-09
0.844,4.38552e-09,3.32869e-09,7.71421e-09
0.845,4.39332e-09,3.3212e-09,7.71452e-09
0.846,4.40112e-09,3.31372e-09,7.71484e-09
0.847,4.40892e-09,3.30624e-09,7.71516e-09
0.848,4.41671e-09,3.29876e-09,7.71547e-09
0.849,4.42451e-09,3.29128e-09,7.71579e-09
0.85,4.4323e-09,3.28381e-09,7.7161e-09
0.851,4.44009e-09,3.27633e-09,7.71642e-09
0.852,4.44787e-09,3.26886e-09,7.71673e-09
0.853,4.45566e-09,3.26139e-09,7.71705e-09
0.854,4.46344e-09,3.25392e-09,7.71737e-09
0.855,4.47122e-09,3.24646e-09,7.71768e-09
0.856,4.479e-09,3.23899e-09,7.718e-09
0.857,4.48678e-09,3.23153e-09,7.71831e-09
0.858,4.49455e-09,3.22407e-09,7.71863e-09
0.859,4.50233e-09,3.21661e-09,7.71894e-09
0.86,4.5101e-09,3.20916e-09,7.71926e-09
0.861,4.51786e-09,3.20171e-09,7.71957e-09
0.862,4.52563e-09,3.19426e-09,7.71988e-09
0.863,4.53339e-09,3.18681e-09,7.7202e-09
0.864,4.54115e-09,3.17936e-09,7.72051e-09
0.865,4.54891e-09,3.17192e-09,7.72083e-09
0.866,4.55667e-09,3.16448e-09,7.72114e-09
0.867,4.56442e-09,3.15704e-09,7.72146e-09
0.868,4.57217e-09,3.1496e-09,7.72177e-09
0.869,4.57992e-09,3.14217e-09,7.72208e-09
0.87,4.58766e-09,3.13474e-09,7.7224e-09
0.871,4.59541e-09,3.12731e-09,7.72271e-09
0.872,4.60315e-09,3.11988e-09,7.72303e-09
0.873,4.61088e-09,3.11246e-09,7.72334e-09
0.874,4.61862e-09,3.10504e-09,7.72365e-09
0.875,4.62635e-09,3.09762e-09,7.72397e-09
0.876,4.63408e-09,3.0902e-09,7.72428e-09
0.877,4.64181e-09,3.08279e-09,7.72459e-09
0.878,4.64953e-09,3.07538e-09,7.72491e-09
0.879,4.65725e-09,3.06797e-09,7.72522e-09
0.88,4.66497e-09,3.06057e-09,7.72553e-09
0.881,4.67268e-09,3.05316e-09,7.72584e-09
0.882,4.68039e-09,3.04576e-09,7.72616e-09
0.883,4.6881e-09,3.03837e-09,7.72647e-09
0.884,4.69581e-09,3.03097e-09,7.72678e-09
0.885,4.70351e-09,3.02358e-09,7.72709e-09
0.886,4.71121e-09,3.0162e-09,7.72741e-09
0.887,4.71891e-09,3.00881e-09,7.72772e-09
0.888,4.7266e-09,3.00143e-09,7.72803e-09
0.889,4.73429e-09,2.99405e-09,7.72834e-09
0.89,4.74198e-09,2.98668e-09,7.72865e-09
0.891,4.74966e-09,2.97931e-09,7.72897e-09
0.892,4.75734e-09,2.97194e-09,7.72928e-09
0.893,4.76502e-09,2.96457e-09,7.72959e-09
0.894,4.77269e-09,2.95721e-09,7.7299e-09
0.895,4.78036e-09,2.94985e-09,7.73021e-09
0.896,4.78803e-09,2.94249e-09,7.73052e-09
0.897,4.79569e-09,2.93514e-09,7.73083e-09
0.898,4.80335e-09,2.92779e-09,7.73114e-09
0.899,4.81101e-09,2.92045e-09,7.73145e-09
0.9,4.81866e-09,2.9131e-09,7.73176e-09
0.901,4.82631e-09,2.90576e-09,7.73208e-09
0.902,4.83396e-09,2.89843e-09,7.73239e-09
0.903,4.8416e-09,2.8911e-09,7.7327e-09
0.904,4.84924e-09,2.88377e-09,7.73301e-09
0.905,4.85687e-09,2.87644e-09,7.73331e-09
0.906,4.8645e-09,2.86912e-09,7.73362e-09
0.907,4.87213e-09,2.8618e-09,7.73393e-09
0.908,4.87975e-09,2.85449e-09,7.73424e-09
0.909,4.88737e-09,2.84718e-09,7.73455e-09
0.91,4.89499e-09,2.83987e-09,7.73486e-09
0.911,4.9026e-09,2.83257e-09,7.73517e-09
0.912,4.91021e-09,2.82527e-09,7.73548e-09
0.913,4.91781e-09,2.81797e-09,7.73579e-09
0.914,4.92542e-09,2.81068e-09,7.7361e-09
0.915,4.93301e-09,2.80339e-09,7.7364e-09
0.916,4.9406e-09,2.79611e-09,7.73671e-09
0.917,4.94819e-09,2.78883e-09,7.73702e-09
0.918,4.95578e-09,2.78155e-09,7.73733e-09
0.919,4.96336e-09,2.77428e-09,7.73764e-09
0.92,4.97093e-09,2.76701e-09,7.73794e-09
0.921,4.9785e-09,2.75975e-09,7.73825e-09
0.922,4.98607e-09,2.75249e-09,7.73856e-09
0.923,4.99364e-09,2.74523e-09,7.73887e-09
0.924,5.00119e-09,2.73798e-09,7.73917e-09
0.925,5.00875e-09,2.73073e-09,7.73948e-09
0.926,5.0163e-09,2.72348e-09,7.73979e-09
0.927,5.02385e-09,2.71624e-09,7.74009e-09
0.928,5.03139e-09,2.70901e-09,7.7404e-09
0.929,5.03893e-09,2.70178e-09,7.7407e-09
0.93,5.04646e-09,2.69455e-09,7.74101e-09
0.931,5.05399e-09,2.68733e-09,7.74132e-09
0.932,5.06151e-09,2.68011e-09,7.74162e-09
0.933,5.06903e-09,2.67289e-09,7.74193e-09
0.934,5.07655e-09,2.66569e-09,7.74223e-09
0.935,5.08406e-09,2.65848e-09,7.74254e-09
0.936,5.09156e-09,2.65128e-09,7.74284e-09
0.937,5.09906e-09,2.64408e-09,7.74315e-09
0.938,5.10656e-09,2.63689e-09,7.74345e-09
0.939,5.11405e-09,2.6297e-09,7.74375e-09
0.94,5.12154e-09,2.62252e-09,7.74406e-09
0.941,5.12902e-09,2.61534e-09,7.74436e-09
0.942,5.1365e-09,2.60817e-09,7.74467e-09
0.943,5.14397e-09,2.601e-09,7.74497e-09
0.944,5.15144e-09,2.59383e-09,7.74527e-09
0.945,5.1589e-09,2.58667e-09,7.74558e-09
0.946,5.16636e-09,2.57952e-09,7.74588e-09
0.947,5.17381e-09,2.57237e-09,7.74618e-09
0.948,5.18126e-09,2.56522e-09,7.74648e-09
0.949,5.1887e-09,2.55808e-09,7.74679e-09
0.95,5.19614e-09,2.55095e-09,7.74709e-09
0.951,5.20357e-09,2.54382e-09,7.74739e-09
0.952,5.211e-09,2.53669e-09,7.74769e-09
0.953,5.21843e-09,2.52957e-09,7.74799e-09
0.954,5.22584e-09,2.52245e-09,7.7483e-09
0.955,5.23326e-09,2.51534e-09,7.7486e-09
0.956,5.24066e-09,2.50824e-09,7.7489e-09
0.957,5.24806e-09,2.50113e-09,7.7492e-09
0.958,5.25546e-09,2.49404e-09,7.7495e-09
0.959,5.26285e-09,2.48695e-09,7.7498e-09
0.96,5.27024e-09,2.47986e-09,7.7501e-09
0.961,5.27762e-09,2.47278e-09,7.7504e-09
0.962,5.28499e-09,2.46571e-09,7.7507e-09
0.963,5.29236e-09,2.45864e-09,7.751e-09
0.964,5.29973e-09,2.45157e-09,7.7513e-09
0.965,5.30709e-09,2.44451e-09,7.7516e-09
0.966,5.31444e-09,2.43746e-09,7.7519e-09
0.967,5.32179e-09,2.43041e-09,7.7522e-09
0.968,5.32913e-09,2.42336e-09,7.75249e-09
0.969,5.33647e-09,2.41633e-09,7.75279e-09
0.97,5.3438e-09,2.40929e-09,7.75309e-09
0.971,5.35112e-09,2.40226e-09,7.75339e-09
0.972,5.35844e-09,2.39524e-09,7.75369e-09
0.973,5.36576e-09,2.38823e-09,7.75398e-09
0.974,5.37307e-09,2.38121e-09,7.75428e-09
0.975,5.38037e-09,2.37421e-09,7.75458e-09
0.976,5.38767e-09,2.36721e-09,7.75487e-09
0.977,5.39496e-09,2.36021e-09,7.75517e-09
0.978,5.40224e-09,2.35323e-09,7.75547e-09
0.979,5.40952e-09,2.34624e-09,7.75576e-09
0.98,5.41679e-09,2.33927e-09,7.75606e-09
0.981,5.42406e-09,2.33229e-09,7.75636e-09
0.982,5.43132e-09,2.32533e-09,7.75665e-09
0.983,5.43858e-09,2.31837e-09,7.75695e-09
0.984,5.44583e-09,2.31141e-09,7.75724e-09
0.985,5.45307e-09,2.30447e-09,7.75754e-09
0.986,5.46031e-09,2.29752e-09,7.75783e-09
0.987,5.46754e-09,2.29059e-09,7.75812e-09
0.988,5.47476e-09,2.28366e-09,7.75842e-09
0.989,5.48198e-09,2.27673e-09,7.75871e-09
0.99,5.48919e-09,2.26981e-09,7.75901e-09
0.991,5.4964e-09,2.2629e-09,7.7593e-09
0.992,5.5036e-09,2.25599e-09,7.75959e-09
0.993,5.51079e-09,2.24909e-09,7.75988e-09
0.994,5.51798e-09,2.2422e-09,7.76018e-09
0.995,5.52516e-09,2.23531e-09,7.76047e-09
0.996,5.53234e-09,2.22842e-09,7.76076e-09
0.997,5.5395e-09,2.22155e-09,7.76105e-09
0.998,5.54667e-09,2.21468e-09,7.76134e-09
0.999,5.55382e-09,2.20781e-09,7.76164e-09
1,5.56097e-09,2.20096e-09,7.76193e-09
1.001,5.56811e-09,2.1941e-09,7.76222e-09
1.002,5.57525e-09,2.18726e-09,7.76251e-09
1.003,5.58238e-09,2.18042e-09,7.7628e-09
1.004,5.5895e-09,2.17359e-09,7.76309e-09
1.005,5.59662e-09,2.16676e-09,7.76338e-09
1.006,5.60372e-09,2.15994e-09,7.76367e-09
1.007,5.61083e-09,2.15313e-09,7.76396e-09
1.008,5.61792e-09,2.14632e-09,7.76425e-09
1.009,5.62501e-09,2.13952e-09,7.76453e-09
1.01,5.63209e-09,2.13273e-09,7.76482e-09
1.011,5.63917e-09,2.12594e-09,7.76511e-09
1.012,5.64624e-09,2.11916e-09,7.7654e-09
1.013,5.6533e-09,2.11239e-09,7.76569e-09
1.014,5.66036e-09,2.10562e-09,7.76597e-09
1.015,5.6674e-09,2.09886e-09,7.76626e-09
1.016,5.67444e-09,2.0921e-09,7.76655e-09
1.017,5.68148e-09,2.08536e-09,7.76683e-09
1.018,5.6885e-09,2.07861e-09,7.76712e-09
1.019,5.69552e-09,2.07188e-09,7.76741e-09
1.02,5.70254e-09,2.06515e-09,7.76769e-09
1.021,5.70954e-09,2.05843e-09,7.76798e-09
1.022,5.71654e-09,2.05172e-09,7.76826e-09
1.023,5.72353e-09,2.04501e-09,7.76855e-09
1.024,5.73052e-09,2.03831e-09,7.76883e-09
1.025,5.7375e-09,2.03162e-09,7.76912e-09
1.026,5.74447e-09,2.02493e-09,7.7694e-09
1.027,5.75143e-09,2.01826e-09,7.76968e-09
1.028,5.75838e-09,2.01158e-09,7.76997e-09
1.029,5.76533e-09,2.00492e-09,7.77025e-09
1.03,5.77227e-09,1.99826e-09,7.77053e-09
1.031,5.77921e-09,1.99161e-09,7.77082e-09
1.032,5.78613e-09,1.98497e-09,7.7711e-09
1.033,5.79305e-09,1.97833e-09,7.77138e-09
1.034,5.79996e-09,1.9717e-09,7.77166e-09
1.035,5.80686e-09,1.96508e-09,7.77194e-09
1.036,5.81376e-09,1.95846e-09,7.77222e-09
1.037,5.82065e-09,1.95186e-09,7.77251e-09
1.038,5.82753e-09,1.94526e-09,7.77279e-09
1.039,5.8344e-09,1.93866e-09,7.77307e-09
1.04,5.84127e-09,1.93208e-09,7.77335e-09
1.041,5.84813e-09,1.9255e-09,7.77363e-09
1.042,5.85498e-09,1.91893e-09,7.77391e-09
1.043,5.86182e-09,1.91236e-09,7.77418e-09
1.044,5.86866e-09,1.90581e-09,7.77446e-09
1.045,5.87548e-09,1.89926e-09,7.77474e-09
1.046,5.8823e-09,1.89272e-09,7.77502e-09
1.047,5.88911e-09,1.88618e-09,7.7753e-09
1.048,5.89592e-09,1.87966e-09,7.77557e-09
1.049,5.90271e-09,1.87314e-09,7.77585e-09
1.05,5.9095e-09,1.86663e-09,7.77613e-09
1.051,5.91628e-09,1.86012e-09,7.77641e-09
1.052,5.92305e-09,1.85363e-09,7.77668e-09
1.053,5.92982e-09,1.84714e-09,7.77696e-09
1.054,5.93658e-09,1.84066e-09,7.77723e-09
1.055,5.94332e-09,1.83419e-09,7.77751e-09
1.056,5.95006e-09,1.82772e-09,7.77778e-09
1.057,5.9568e-09,1.82126e-09,7.77806e-09
1.058,5.96352e-09,1.81481e-09,7.77833e-09
1.059,5.97024e-09,1.80837e-09,7.77861e-09
1.06,5.97694e-09,1.80194e-09,7.77888e-09
1.061,5.98364e-09,1.79551e-09,7.77915e-09
1.062,5.99033e-09,1.78909e-09,7.77943e-09
1.063,5.99702e-09,1.78268e-09,7.7797e-09
1.064,6.00369e-09,1.77628e-09,7.77997e-09
1.065,6.01036e-09,1.76989e-09,7.78025e-09
1.066,6.01702e-09,1.7635e-09,7.78052e-09
1.067,6.02367e-09,1.75712e-09,7.78079e-09
1.068,6.03031e-09,1.75075e-09,7.78106e-09
1.069,6.03694e-09,1.74439e-09,7.78133e-09
1.07,6.04357e-09,1.73803e-09,7.7816e-09
1.071,6.05018e-09,1.73169e-09,7.78187e-09
1.072,6.05679e-09,1.72535e-09,7.78214e-09
1.073,6.06339e-09,1.71902e-09,7.78241e-09
1.074,6.06998e-09,1.7127e-09,7.78268e-09
1.075,6.07656e-09,1.70639e-09,7.78295e-09
1.076,6.08314e-09,1.70008e-09,7.78322e-09
1.077,6.0897e-09,1.69378e-09,7.78349e-09
1.078,6.09626e-09,1.6875e-09,7.78375e-09
1.079,6.1028e-09,1.68122e-09,7.78402e-09
1.08,6.10934e-09,1.67494e-09,7.78429e-09
1.081,6.11587e-09,1.66868e-09,7.78455e-09
1.082,6.1224e-09,1.66243e-09,7.78482e-09
1.083,6.12891e-09,1.65618e-09,7.78509e-09
1.084,6.13541e-09,1.64994e-09,7.78535e-09
1.085,6.14191e-09,1.64371e-09,7.78562e-09
1.086,6.14839e-09,1.63749e-09,7.78588e-09
1.087,6.15487e-09,1.63128e-09,7.78615e-09
1.088,6.16134e-09,1.62507e-09,7.78641e-09
1.089,6.1678e-09,1.61888e-09,7.78668e-09
1.09,6.17425e-09,1.61269e-09,7.78694e-09
1.091,6.18069e-09,1.60651e-09,7.7872e-09
1.092,6.18712e-09,1.60034e-09,7.78747e-09
1.093,6.19355e-09,1.59418e-09,7.78773e-09
1.094,6.19996e-09,1.58803e-09,7.78799e-09
1.095,6.20637e-09,1.58189e-09,7.78825e-09
1.096,6.21276e-09,1.57575e-09,7.78852e-09
1.097,6.21915e-09,1.56963e-09,7.78878e-09
1.098,6.22553e-09,1.56351e-09,7.78904e-09
1.099,6.2319e-09,1.5574e-09,7.7893e-09
1.1,6.23826e-09,1.5513e-09,7.78956e-09
1.101,6.24461e-09,1.54521e-09,7.78982e-09
1.102,6.25095e-09,1.53913e-09,7.79008e-09
1.103,6.25728e-09,1.53306e-09,7.79034e-09
1.104,6.2636e-09,1.52699e-09,7.79059e-09
1.105,6.26992e-09,1.52094e-09,7.79085e-09
1.106,6.27622e-09,1.51489e-09,7.79111e-09
1.107,6.28252e-09,1.50885e-09,7.79137e-09
1.108,6.2888e-09,1.50283e-09,7.79163e-09
1.109,6.29508e-09,1.49681e-09,7.79188e-09
1.11,6.30134e-09,1.4908e-09,7.79214e-09
1.111,6.3076e-09,1.4848e-09,7.79239e-09
1.112,6.31385e-09,1.4788e-09,7.79265e-09
1.113,6.32008e-09,1.47282e-09,7.79291e-09
1.114,6.32631e-09,1.46685e-09,7.79316e-09
1.115,6.33253e-09,1.46089e-09,7.79342e-09
1.116,6.33874e-09,1.45493e-09,7.79367e-09
1.117,6.34494e-09,1.44898e-09,7.79392e-09
1.118,6.35113e-09,1.44305e-09,7.79418e-09
1.119,6.35731e-09,1.43712e-09,7.79443e-09
1.12,6.36348e-09,1.4312e-09,7.79468e-09
1.121,6.36964e-09,1.4253e-09,7.79493e-09
1.122,6.37579e-09,1.4194e-09,7.79519e-09
1.123,6.38193e-09,1.41351e-09,7.79544e-09
1.124,6.38806e-09,1.40763e-09,7.79569e-09
1.125,6.39418e-09,1.40176e-09,7.79594e-09
1.126,6.40029e-09,1.3959e-09,7.79619e-09
1.127,6.4064e-09,1.39004e-09,7.79644e-09
1.128,6.41249e-09,1.3842e-09,7.79669e-09
1.129,6.41857e-09,1.37837e-09,7.79694e-09
1.13,6.42464e-09,1.37255e-09,7.79719e-09
1.131,6.4307e-09,1.36673e-09,7.79744e-09
1.132,6.43676e-09,1.36093e-09,7.79768e-09
1.133,6.4428e-09,1.35514e-09,7.79793e-09
1.134,6.44883e-09,1.34935e-09,7.79818e-09
1.135,6.45485e-09,1.34358e-09,7.79843e-09
1.136,6.46086e-09,1.33781e-09,7.79867e-09
1.137,6.46686e-09,1.33206e-09,7.79892e-09
1.138,6.47285e-09,1.32631e-09,7.79916e-09
1.139,6.47884e-09,1.32057e-09,7.79941e-09
1.14,6.48481e-09,1.31485e-09,7.79965e-09
1.141,6.49077e-09,1.30913e-09,7.7999e-09
1.142,6.49672e-09,1.30342e-09,7.80014e-09
1.143,6.50266e-09,1.29773e-09,7.80039e-09
1.144,6.50859e-09,1.29204e-09,7.80063e-09
1.145,6.51451e-09,1.28636e-09,7.80087e-09
1.146,6.52042e-09,1.2807e-09,7.80111e-09
1.147,6.52632e-09,1.27504e-09,7.80136e-09
1.148,6.5322e-09,1.26939e-09,7.8016e-09
1.149,6.53808e-09,1.26376e-09,7.80184e-09
1.15,6.54395e-09,1.25813e-09,7.80208e-09
1.151,6.54981e-09,1.25251e-09,7.80232e-09
1.152,6.55565e-09,1.24691e-09,7.80256e-09
1.153,6.56149e-09,1.24131e-09,7.8028e-09
1.154,6.56732e-09,1.23572e-09,7.80304e-09
1.155,6.57313e-09,1.23015e-09,7.80328e-09
1.156,6.57894e-09,1.22458e-09,7.80352e-09
1.157,6.58473e-09,1.21902e-09,7.80375e-09
1.158,6.59051e-09,1.21348e-09,7.80399e-09
1.159,6.59629e-09,1.20794e-09,7.80423e-09
1.16,6.60205e-09,1.20242e-09,7.80447e-09
1.161,6.6078e-09,1.1969e-09,7.8047e-09
1.162,6.61354e-09,1.1914e-09,7.80494e-09
1.163,6.61927e-09,1.1859e-09,7.80517e-09
1.164,6.62499e-09,1.18042e-09,7.80541e-09
1.165,6.6307e-09,1.17494e-09,7.80564e-09
1.166,6.6364e-09,1.16948e-09,7.80588e-09
1.167,6.64208e-09,1.16403e-09,7.80611e-09
1.168,6.64776e-09,1.15858e-09,7.80634e-09
1.169,6.65342e-09,1.15315e-09,7.80658e-09
1.17,6.65908e-09,1.14773e-09,7.80681e-09
1.171,6.66472e-09,1.14232e-09,7.80704e-09
1.172,6.67035e-09,1.13692e-09,7.80727e-09
1.173,6.67598e-09,1.13153e-09,7.8075e-09
1.174,6.68159e-09,1.12615e-09,7.80773e-09
1.175,6.68719e-09,1.12078e-09,7.80796e-09
1.176,6.69277e-09,1.11542e-09,7.80819e-09
1.177,6.69835e-09,1.11007e-09,7.80842e-09
1.178,6.70392e-09,1.10473e-09,7.80865e-09
1.179,6.70947e-09,1.09941e-09,7.80888e-09
1.18,6.71502e-09,1.09409e-09,7.80911e-09
1.181,6.72055e-09,1.08879e-09,7.80933e-09
1.182,6.72607e-09,1.08349e-09,7.80956e-09
1.183,6.73158e-09,1.07821e-09,7.80979e-09
1.184,6.73708e-09,1.07293e-09,7.81001e-09
1.185,6.74257e-09,1.06767e-09,7.81024e-09
1.186,6.74805e-09,1.06242e-09,7.81047e-09
1.187,6.75351e-09,1.05718e-09,7.81069e-09
1.188,6.75897e-09,1.05195e-09,7.81092e-09
1.189,6.76441e-09,1.04673e-09,7.81114e-09
1.19,6.76984e-09,1.04152e-09,7.81136e-09
1.191,6.77526e-09,1.03632e-09,7.81159e-09
1.192,6.78067e-09,1.03114e-09,7.81181e-09
1.193,6.78607e-09,1.02596e-09,7.81203e-09
1.194,6.79145e-09,1.0208e-09,7.81225e-09
1.195,6.79683e-09,1.01565e-09,7.81247e-09
1.196,6.80219e-09,1.0105e-09,7.81269e-09
1.197,6.80754e-09,1.00537e-09,7.81291e-09
1.198,6.81288e-09,1.00025e-09,7.81313e-09
1.199,6.81821e-09,9.95142e-10,7.81335e-09
1.2,6.82353e-09,9.90044e-10,7.81357e-09
1.201,6.82883e-09,9.84957e-10,7.81379e-09
1.202,6.83413e-09,9.79881e-10,7.81401e-09
1.203,6.83941e-09,9.74817e-10,7.81423e-09
1.204,6.84468e-09,9.69763e-10,7.81444e-09
1.205,6.84994e-09,9.64721e-10,7.81466e-09
1.206,6.85519e-09,9.5969e-10,7.81488e-09
1.207,6.86042e-09,9.5467e-10,7.81509e-09
1.208,6.86565e-09,9.49661e-10,7.81531e-09
1.209,6.87086e-09,9.44664e-10,7.81552e-09
1.21,6.87606e-09,9.39678e-10,7.81574e-09
1.211,6.88125e-09,9.34703e-10,7.81595e-09
1.212,6.88643e-09,9.2974e-10,7.81617e-09
1.213,6.89159e-09,9.24788e-10,7.81638e-09
1.214,6.89674e-09,9.19847e-10,7.81659e-09
1.215,6.90189e-09,9.14918e-10,7.8168e-09
1.216,6.90701e-09,9.1e-10,7.81701e-09
1.217,6.91213e-09,9.05094e-10,7.81723e-09
1.218,6.91724e-09,9.00199e-10,7.81744e-09
1.219,6.92233e-09,8.95315e-10,7.81765e-09
1.22,6.92741e-09,8.90443e-10,7.81786e-09
1.221,6.93248e-09,8.85583e-10,7.81807e-09
1.222,6.93754e-09,8.80734e-10,7.81827e-09
1.223,6.94259e-09,8.75896e-10,7.81848e-09
1.224,6.94762e-09,8.71071e-10,7.81869e-09
1.225,6.95264e-09,8.66256e-10,7.8189e-09
1.226,6.95765e-09,8.61454e-10,7.8191e-09
1.227,6.96265e-09,8.56663e-10,7.81931e-09
1.228,6.96763e-09,8.51884e-10,7.81952e-09
1.229,6.97261e-09,8.47116e-10,7.81972e-09
1.23,6.97757e-09,8.4236e-10,7.81993e-09
1.231,6.98252e-09,8.37616e-10,7.82013e-09
1.232,6.98745e-09,8.32883e-10,7.82034e-09
1.233,6.99238e-09,8.28162e-10,7.82054e-09
1.234,6.99729e-09,8.23453e-10,7.82074e-09
1.235,7.00219e-09,8.18756e-10,7.82094e-09
1.236,7.00708e-09,8.14071e-10,7.82115e-09
1.237,7.01195e-09,8.09397e-10,7.82135e-09
1.238,7.01681e-09,8.04735e-10,7.82155e-09
1.239,7.02166e-09,8.00085e-10,7.82175e-09
1.24,7.0265e-09,7.95447e-10,7.82195e-09
1.241,7.03133e-09,7.90821e-10,7.82215e-09
1.242,7.03614e-09,7.86207e-10,7.82235e-09
1.243,7.04094e-09,7.81605e-10,7.82255e-09
1.244,7.04573e-09,7.77014e-10,7.82275e-09
1.245,7.05051e-09,7.72436e-10,7.82294e-09
1.246,7.05527e-09,7.67869e-10,7.82314e-09
1.247,7.06002e-09,7.63315e-10,7.82334e-09
1.248,7.06476e-09,7.58773e-10,7.82353e-09
1.249,7.06949e-09,7.54242e-10,7.82373e-09
1.25,7.0742e-09,7.49724e-10,7.82392e-09
1.251,7.0789e-09,7.45218e-10,7.82412e-09
1.252,7.08359e-09,7.40724e-10,7.82431e-09
1.253,7.08826e-09,7.36242e-10,7.82451e-09
1.254,7.09293e-09,7.31772e-10,7.8247e-09
1.255,7.09758e-09,7.27314e-10,7.82489e-09
1.256,7.10222e-09,7.22869e-10,7.82508e-09
1.257,7.10684e-09,7.18435e-10,7.82528e-09
1.258,7.11145e-09,7.14014e-10,7.82547e-09
1.259,7.11605e-09,7.09605e-10,7.82566e-09
1.26,7.12064e-09,7.05208e-10,7.82585e-09
1.261,7.12521e-09,7.00824e-10,7.82604e-09
1.262,7.12977e-09,6.96452e-10,7.82623e-09
1.263,7.13432e-09,6.92092e-10,7.82641e-09
1.264,7.13886e-09,6.87744e-10,7.8266e-09
1.265,7.14338e-09,6.83409e-10,7.82679e-09
1.266,7.14789e-09,6.79086e-10,7.82698e-09
1.267,7.15239e-09,6.74776e-10,7.82716e-09
1.268,7.15687e-09,6.70478e-10,7.82735e-09
1.269,7.16134e-09,6.66192e-10,7.82754e-09
1.27,7.1658e-09,6.61918e-10,7.82772e-09
1.271,7.17025e-09,6.57657e-10,7.82791e-09
1.272,7.17468e-09,6.53409e-10,7.82809e-09
1.273,7.1791e-09,6.49173e-10,7.82827e-09
1.274,7.18351e-09,6.44949e-10,7.82846e-09
1.275,7.1879e-09,6.40738e-10,7.82864e-09
1.276,7.19228e-09,6.3654e-10,7.82882e-09
1.277,7.19665e-09,6.32354e-10,7.829e-09
1.278,7.201e-09,6.2818e-10,7.82918e-09
1.279,7.20534e-09,6.24019e-10,7.82936e-09
1.28,7.20967e-09,6.19871e-10,7.82954e-09
1.281,7.21399e-09,6.15735e-10,7.82972e-09
1.282,7.21829e-09,6.11612e-10,7.8299e-09
1.283,7.22258e-09,6.07502e-10,7.83008e-09
1.284,7.22685e-09,6.03404e-10,7.83026e-09
1.285,7.23112e-09,5.99319e-10,7.83043e-09
1.286,7.23536e-09,5.95246e-10,7.83061e-09
1.287,7.2396e-09,5.91187e-10,7.83079e-09
1.288,7.24382e-09,5.8714e-10,7.83096e-09
1.289,7.24803e-09,5.83105e-10,7.83114e-09
1.29,7.25223e-09,5.79084e-10,7.83131e-09
1.291,7.25641e-09,5.75075e-10,7.83149e-09
1.292,7.26058e-09,5.71079e-10,7.83166e-09
1.293,7.26474e-09,5.67095e-10,7.83183e-09
1.294,7.26888e-09,5.63125e-10,7.83201e-09
1.295,7.27301e-09,5.59167e-10,7.83218e-09
1.296,7.27713e-09,5.55223e-10,7.83235e-09
1.297,7.28123e-09,5.51291e-10,7.83252e-09
1.298,7.28532e-09,5.47372e-10,7.83269e-09
1.299,7.2894e-09,5.43465e-10,7.83286e-09
1.3,7.29346e-09,5.39572e-10,7.83303e-09
1.301,7.29751e-09,5.35692e-10,7.8332e-09
1.302,7.30154e-09,5.31824e-10,7.83337e-09
1.303,7.30557e-09,5.2797e-10,7.83354e-09
1.304,7.30957e-09,5.24128e-10,7.8337e-09
1.305,7.31357e-09,5.203e-10,7.83387e-09
1.306,7.31755e-09,5.16484e-10,7.83404e-09
1.307,7.32152e-09,5.12682e-10,7.8342e-09
1.308,7.32547e-09,5.08892e-10,7.83437e-09
1.309,7.32941e-09,5.05116e-10,7.83453e-09
1.31,7.33334e-09,5.01352e-10,7.83469e-09
1.311,7.33726e-09,4.97602e-10,7.83486e-09
1.312,7.34116e-09,4.93865e-10,7.83502e-09
1.313,7.34504e-09,4.90141e-10,7.83518e-09
1.314,7.34892e-09,4.8643e-10,7.83534e-09
1.315,7.35277e-09,4.82732e-10,7.83551e-09
1.316,7.35662e-09,4.79047e-10,7.83567e-09
1.317,7.36045e-09,4.75375e-10,7.83583e-09
1.318,7.36427e-09,4.71717e-10,7.83599e-09
1.319,7.36807e-09,4.68072e-10,7.83615e-09
1.32,7.37186e-09,4.6444e-10,7.8363e-09
1.321,7.37564e-09,4.60821e-10,7.83646e-09
1.322,7.3794e-09,4.57215e-10,7.83662e-09
1.323,7.38315e-09,4.53623e-10,7.83678e-09
1.324,7.38689e-09,4.50044e-10,7.83693e-09
1.325,7.39061e-09,4.46478e-10,7.83709e-09
1.326,7.39432e-09,4.42926e-10,7.83724e-09
1.327,7.39801e-09,4.39387e-10,7.8374e-09
1.328,7.40169e-09,4.35861e-10,7.83755e-09
1.329,7.40536e-09,4.32348e-10,7.83771e-09
1.33,7.40901e-09,4.28849e-10,7.83786e-09
1.331,7.41265e-09,4.25363e-10,7.83801e-09
1.332,7.41627e-09,4.21891e-10,7.83816e-09
1.333,7.41988e-09,4.18432e-10,7.83832e-09
1.334,7.42348e-09,4.14986e-10,7.83847e-09
1.335,7.42706e-09,4.11554e-10,7.83862e-09
1.336,7.43063e-09,4.08135e-10,7.83877e-09
1.337,7.43419e-09,4.0473e-10,7.83892e-09
1.338,7.43773e-09,4.01338e-10,7.83906e-09
1.339,7.44125e-09,3.9796e-10,7.83921e-09
1.34,7.44476e-09,3.94595e-10,7.83936e-09
1.341,7.44826e-09,3.91243e-10,7.83951e-09
1.342,7.45175e-09,3.87905e-10,7.83965e-09
1.343,7.45522e-09,3.84581e-10,7.8398e-09
1.344,7.45867e-09,3.8127e-10,7.83994e-09
1.345,7.46212e-09,3.77973e-10,7.84009e-09
1.346,7.46554e-09,3.74689e-10,7.84023e-09
1.347,7.46896e-09,3.71419e-10,7.84038e-09
1.348,7.47236e-09,3.68162e-10,7.84052e-09
1.349,7.47574e-09,3.64919e-10,7.84066e-09
1.35,7.47911e-09,3.6169e-10,7.8408e-09
1.351,7.48247e-09,3.58474e-10,7.84095e-09
1.352,7.48581e-09,3.55272e-10,7.84109e-09
1.353,7.48914e-09,3.52084e-10,7.84123e-09
1.354,7.49246e-09,3.48909e-10,7.84137e-09
1.355,7.49576e-09,3.45748e-10,7.8415e-09
1.356,7.49904e-09,3.42601e-10,7.84164e-09
1.357,7.50231e-09,3.39467e-10,7.84178e-09
1.358,7.50557e-09,3.36347e-10,7.84192e-09
1.359,7.50881e-09,3.33241e-10,7.84206e-09
1.36,7.51204e-09,3.30148e-10,7.84219e-09
1.361,7.51526e-09,3.2707e-10,7.84233e-09
1.362,7.51846e-09,3.24005e-10,7.84246e-09
1.363,7.52164e-09,3.20954e-10,7.8426e-09
1.364,7.52481e-09,3.17916e-10,7.84273e-09
1.365,7.52797e-09,3.14893e-10,7.84286e-09
1.366,7.53111e-09,3.11883e-10,7.843e-09
1.367,7.53424e-09,3.08887e-10,7.84313e-09
1.368,7.53736e-09,3.05905e-10,7.84326e-09
1.369,7.54046e-09,3.02937e-10,7.84339e-09
1.37,7.54354e-09,2.99983e-10,7.84352e-09
1.371,7.54661e-09,2.97042e-10,7.84365e-09
1.372,7.54967e-09,2.94116e-10,7.84378e-09
1.373,7.55271e-09,2.91203e-10,7.84391e-09
1.374,7.55573e-09,2.88304e-10,7.84404e-09
1.375,7.55875e-09,2.85419e-10,7.84417e-09
1.376,7.56175e-09,2.82548e-10,7.84429e-09
1.377,7.56473e-09,2.79691e-10,7.84442e-09
1.378,7.5677e-09,2.76848e-10,7.84455e-09
1.379,7.57065e-09,2.74019e-10,7.84467e-09
1.38,7.57359e-09,2.71204e-10,7.8448e-09
1.381,7.57652e-09,2.68403e-10,7.84492e-09
1.382,7.57943e-09,2.65616e-10,7.84504e-09
1.383,7.58232e-09,2.62843e-10,7.84517e-09
1.384,7.5852e-09,2.60084e-10,7.84529e-09
1.385,7.58807e-09,2.57339e-10,7.84541e-09
1.386,7.59092e-09,2.54609e-10,7.84553e-09
1.387,7.59376e-09,2.51892e-10,7.84565e-09
1.388,7.59658e-09,2.49189e-10,7.84577e-09
1.389,7.59939e-09,2.465e-10,7.84589e-09
1.39,7.60219e-09,2.43826e-10,7.84601e-09
1.391,7.60496e-09,2.41165e-10,7.84613e-09
1.392,7.60773e-09,2.38519e-10,7.84625e-09
1.393,7.61048e-09,2.35886e-10,7.84636e-09
1.394,7.61321e-09,2.33268e-10,7.84648e-09
1.395,7.61593e-09,2.30664e-10,7.8466e-09
1.396,7.61864e-09,2.28075e-10,7.84671e-09
1.397,7.62133e-09,2.25499e-10,7.84683e-09
1.398,7.624e-09,2.22937e-10,7.84694e-09
1.399,7.62667e-09,2.2039e-10,7.84706e-09
1.4,7.62931e-09,2.17857e-10,7.84717e-09
1.401,7.63194e-09,2.15338e-10,7.84728e-09
1.402,7.63456e-09,2.12834e-10,7.84739e-09
1.403,7.63716e-09,2.10343e-10,7.8475e-09
1.404,7.63975e-09,2.07867e-10,7.84761e-09
1.405,7.64232e-09,2.05405e-10,7.84772e-09
1.406,7.64488e-09,2.02957e-10,7.84783e-09
1.407,7.64742e-09,2.00524e-10,7.84794e-09
1.408,7.64995e-09,1.98105e-10,7.84805e-09
1.409,7.65246e-09,1.957e-10,7.84816e-09
1.41,7.65496e-09,1.93309e-10,7.84827e-09
1.411,7.65744e-09,1.90933e-10,7.84837e-09
1.412,7.65991e-09,1.88571e-10,7.84848e-09
1.413,7.66236e-09,1.86223e-10,7.84858e-09
1.414,7.6648e-09,1.8389e-10,7.84869e-09
1.415,7.66722e-09,1.81571e-10,7.84879e-09
1.416,7.66963e-09,1.79267e-10,7.8489e-09
1.417,7.67202e-09,1.76976e-10,7.849e-09
1.418,7.6744e-09,1.747e-10,7.8491e-09
1.419,7.67677e-09,1.72439e-10,7.8492e-09
1.42,7.67911e-09,1.70192e-10,7.84931e-09
1.421,7.68145e-09,1.67959e-10,7.84941e-09
1.422,7.68377e-09,1.65741e-10,7.84951e-09
1.423,7.68607e-09,1.63537e-10,7.84961e-09
1.424,7.68836e-09,1.61348e-10,7.8497e-09
1.425,7.69063e-09,1.59173e-10,7.8498e-09
1.426,7.69289e-09,1.57012e-10,7.8499e-09
1.427,7.69513e-09,1.54866e-10,7.85e-09
1.428,7.69736e-09,1.52734e-10,7.85009e-09
1.429,7.69957e-09,1.50617e-10,7.85019e-09
1.43,7.70177e-09,1.48514e-10,7.85028e-09
1.431,7.70395e-09,1.46426e-10,7.85038e-09
1.432,7.70612e-09,1.44352e-10,7.85047e-09
1.433,7.70827e-09,1.42293e-10,7.85057e-09
1.434,7.71041e-09,1.40248e-10,7.85066e-09
1.435,7.71253e-09,1.38218e-10,7.85075e-09
1.436,7.71464e-09,1.36202e-10,7.85084e-09
1.437,7.71673e-09,1.34201e-10,7.85093e-09
1.438,7.71881e-09,1.32215e-10,7.85102e-09
1.439,7.72087e-09,1.30243e-10,7.85111e-09
1.44,7.72292e-09,1.28285e-10,7.8512e-09
1.441,7.72495e-09,1.26342e-10,7.85129e-09
1.442,7.72697e-09,1.24414e-10,7.85138e-09
1.443,7.72897e-09,1.225e-10,7.85147e-09
1.444,7.73095e-09,1.20601e-10,7.85155e-09
1.445,7.73292e-09,1.18716e-10,7.85164e-09
1.446,7.73488e-09,1.16846e-10,7.85173e-09
1.447,7.73682e-09,1.14991e-10,7.85181e-09
1.448,7.73875e-09,1.1315e-10,7.8519e-09
1.449,7.74066e-09,1.11324e-10,7.85198e-09
1.45,7.74255e-09,1.09513e-10,7.85206e-09
1.451,7.74443e-09,1.07716e-10,7.85214e-09
1.452,7.74629e-09,1.05934e-10,7.85223e-09
1.453,7.74814e-09,1.04166e-10,7.85231e-09
1.454,7.74998e-09,1.02413e-10,7.85239e-09
1.455,7.75179e-09,1.00675e-10,7.85247e-09
1.456,7.7536e-09,9.89514e-11,7.85255e-09
1.457,7.75538e-09,9.72426e-11,7.85263e-09
1.458,7.75716e-09,9.55484e-11,7.85271e-09
1.459,7.75891e-09,9.38689e-11,7.85278e-09
1.46,7.76066e-09,9.22042e-11,7.85286e-09
1.461,7.76238e-09,9.05541e-11,7.85294e-09
1.462,7.76409e-09,8.89188e-11,7.85301e-09
1.463,7.76579e-09,8.72982e-11,7.85309e-09
1.464,7.76747e-09,8.56923e-11,7.85316e-09
1.465,7.76914e-09,8.41012e-11,7.85324e-09
1.466,7.77079e-09,8.25248e-11,7.85331e-09
1.467,7.77242e-09,8.09632e-11,7.85338e-09
1.468,7.77404e-09,7.94163e-11,7.85345e-09
1.469,7.77564e-09,7.78842e-11,7.85353e-09
1.47,7.77723e-09,7.63668e-11,7.8536e-09
1.471,7.7788e-09,7.48642e-11,7.85367e-09
1.472,7.78036e-09,7.33764e-11,7.85374e-09
1.473,7.7819e-09,7.19034e-11,7.85381e-09
1.474,7.78343e-09,7.04452e-11,7.85387e-09
1.475,7.78494e-09,6.90018e-11,7.85394e-09
1.476,7.78644e-09,6.75732e-11,7.85401e-09
1.477,7.78792e-09,6.61593e-11,7.85408e-09
1.478,7.78938e-09,6.47604e-11,7.85414e-09
1.479,7.79083e-09,6.33762e-11,7.85421e-09
1.48,7.79227e-09,6.20068e-11,7.85427e-09
1.481,7.79368e-09,6.06523e-11,7.85434e-09
1.482,7.79509e-09,5.93127e-11,7.8544e-09
1.483,7.79648e-09,5.79878e-11,7.85446e-09
1.484,7.79785e-09,5.66778e-11,7.85453e-09
1.485,7.7992e-09,5.53827e-11,7.85459e-09
1.486,7.80055e-09,5.41024e-11,7.85465e-09
1.487,7.80187e-09,5.2837e-11,7.85471e-09
1.488,7.80318e-09,5.15865e-11,7.85477e-09
1.489,7.80448e-09,5.03508e-11,7.85483e-09
1.49,7.80576e-09,4.913e-11,7.85489e-09
1.491,7.80702e-09,4.79241e-11,7.85494e-09
1.492,7.80827e-09,4.67331e-11,7.855e-09
1.493,7.8095e-09,4.5557e-11,7.85506e-09
1.494,7.81072e-09,4.43958e-11,7.85511e-09
1.495,7.81192e-09,4.32495e-11,7.85517e-09
1.496,7.81311e-09,4.21181e-11,7.85523e-09
1.497,7.81428e-09,4.10016e-11,7.85528e-09
1.498,7.81543e-09,3.99e-11,7.85533e-09
1.499,7.81657e-09,3.88133e-11,7.85539e-09
1.5,7.8177e-09,3.77416e-11,7.85544e-09
1.501,7.81881e-09,3.66848e-11,7.85549e-09
1.502,7.8199e-09,3.56429e-11,7.85554e-09
1.503,7.82098e-09,3.4616e-11,7.85559e-09
1.504,7.82204e-09,3.3604e-11,7.85564e-09
1.505,7.82308e-09,3.26069e-11,7.85569e-09
1.506,7.82412e-09,3.16248e-11,7.85574e-09
1.507,7.82513e-09,3.06577e-11,7.85579e-09
1.508,7.82613e-09,2.97055e-11,7.85584e-09
1.509,7.82711e-09,2.87683e-11,7.85588e-09
1.51,7.82808e-09,2.7846e-11,7.85593e-09
1.511,7.82904e-09,2.69387e-11,7.85597e-09
1.512,7.82997e-09,2.60464e-11,7.85602e-09
1.513,7.83089e-09,2.51691e-11,7.85606e-09
1.514,7.8318e-09,2.43067e-11,7.85611e-09
1.515,7.83269e-09,2.34594e-11,7.85615e-09
1.516,7.83357e-09,2.2627e-11,7.85619e-09
1.517,7.83443e-09,2.18096e-11,7.85623e-09
1.518,7.83527e-09,2.10072e-11,7.85628e-09
1.519,7.8361e-09,2.02198e-11,7.85632e-09
1.52,7.83691e-09,1.94474e-11,7.85636e-09
1.521,7.83771e-09,1.869e-11,7.8564e-09
1.522,7.83849e-09,1.79476e-11,7.85643e-09
1.523,7.83925e-09,1.72202e-11,7.85647e-09
1.524,7.84e-09,1.65078e-11,7.85651e-09
1.525,7.84074e-09,1.58105e-11,7.85655e-09
1.526,7.84146e-09,1.51281e-11,7.85658e-09
1.527,7.84216e-09,1.44608e-11,7.85662e-09
1.528,7.84285e-09,1.38085e-11,7.85665e-09
1.529,7.84352e-09,1.31712e-11,7.85669e-09
1.53,7.84417e-09,1.2549e-11,7.85672e-09
1.531,7.84481e-09,1.19418e-11,7.85676e-09
1.532,7.84544e-09,1.13496e-11,7.85679e-09
1.533,7.84605e-09,1.07725e-11,7.85682e-09
1.534,7.84664e-09,1.02104e-11,7.85685e-09
1.535,7.84722e-09,9.66332e-12,7.85688e-09
1.536,7.84778e-09,9.1313e-12,7.85691e-09
1.537,7.84833e-09,8.61433e-12,7.85694e-09
1.538,7.84886e-09,8.1124e-12,7.85697e-09
1.539,7.84937e-09,7.62552e-12,7.857e-09
1.54,7.84987e-09,7.15369e-12,7.85703e-09
1.541,7.85036e-09,6.69692e-12,7.85705e-09
1.542,7.85082e-09,6.2552e-12,7.85708e-09
1.543,7.85128e-09,5.82854e-12,7.8571e-09
1.544,7.85171e-09,5.41693e-12,7.85713e-09
1.545,7.85213e-09,5.02039e-12,7.85715e-09
1.546,7.85254e-09,4.6389e-12,7.85718e-09
1.547,7.85293e-09,4.27248e-12,7.8572e-09
1.548,7.8533e-09,3.92113e-12,7.85722e-09
1.549,7.85366e-09,3.58484e-12,7.85724e-09
1.55,7.854e-09,3.26362e-12,7.85727e-09
1.551,7.85433e-09,2.95746e-12,7.85729e-09
1.552,7.85464e-09,2.66638e-12,7.85731e-09
1.553,7.85494e-09,2.39037e-12,7.85733e-09
1.554,7.85521e-09,2.12943e-12,7.85734e-09
1.555,7.85548e-09,1.88356e-12,7.85736e-09
1.556,7.85573e-09,1.65277e-12,7.85738e-09
1.557,7.85596e-09,1.43705e-12,7.8574e-09
1.558,7.85618e-09,1.23641e-12,7.85741e-09
1.559,7.85638e-09,1.05084e-12,7.85743e-09
1.56,7.85656e-09,8.80356e-13,7.85744e-09
1.561,7.85673e-09,7.24947e-13,7.85746e-09
1.562,7.85689e-09,5.84618e-13,7.85747e-09
1.563,7.85703e-09,4.59368e-13,7.85748e-09
1.564,7.85715e-09,3.49198e-13,7.8575e-09
1.565,7.85725e-09,2.54109e-13,7.85751e-09
1.566,7.85735e-09,1.74101e-13,7.85752e-09
1.567,7.85742e-09,1.09175e-13,7.85753e-09
1.568,7.85748e-09,5.93299e-14,7.85754e-09
1.569,7.85753e-09,2.45669e-14,7.85755e-09
1.57,7.85755e-09,4.88587e-15,7.85756e-09
1.571,7.85757e-09,2.86979e-16,7.85757e-09
1.572,7.85756e-09,1.07703e-14,7.85757e-09
1.573,7.85754e-09,3.63357e-14,7.85758e-09
1.574,7.85751e-09,7.69832e-14,7.85759e-09
1.575,7.85746e-09,1.32713e-13,7.85759e-09
1.576,7.85739e-09,2.03524e-13,7.8576e-09
1.577,7.85731e-09,2.89417e-13,7.8576e-09
1.578,7.85721e-09,3.9039e-13,7.85761e-09
1.579,7.8571e-09,5.06445e-13,7.85761e-09
1.58,7.85697e-09,6.3758e-13,7.85761e-09
1.581,7.85683e-09,7.83795e-13,7.85761e-09
1.582,7.85667e-09,9.45089e-13,7.85761e-09
1.583,7.85649e-09,1.12146e-12,7.85761e-09
1.584,7.8563e-09,1.31291e-12,7.85761e-09
1.585,7.85609e-09,1.51944e-12,7.85761e-09
1.586,7.85587e-09,1.74104e-12,7.85761e-09
1.587,7.85563e-09,1.97772e-12,7.85761e-09
1.588,7.85538e-09,2.22948e-12,7.85761e-09
1.589,7.85511e-09,2.49631e-12,7.8576e-09
1.59,7.85482e-09,2.77821e-12,7.8576e-09
1.591,7.85452e-09,3.07518e-12,7.8576e-09
1.592,7.8542e-09,3.38722e-12,7.85759e-09
1.593,7.85387e-09,3.71433e-12,7.85758e-09
1.594,7.85352e-09,4.05651e-12,7.85758e-09
1.595,7.85316e-09,4.41376e-12,7.85757e-09
1.596,7.85278e-09,4.78607e-12,7.85756e-09
1.597,7.85238e-09,5.17345e-12,7.85756e-09
1.598,7.85197e-09,5.57588e-12,7.85755e-09
1.599,7.85154e-09,5.99338e-12,7.85754e-09
1.6,7.8511e-09,6.42594e-12,7.85753e-09
1.601,7.85064e-09,6.87355e-12,7.85752e-09
1.602,7.85017e-09,7.33622e-12,7.8575e-09
1.603,7.84968e-09,7.81394e-12,7.85749e-09
1.604,7.84917e-09,8.30671e-12,7.85748e-09
1.605,7.84865e-09,8.81454e-12,7.85747e-09
1.606,7.84812e-09,9.33741e-12,7.85745e-09
1.607,7.84756e-09,9.87533e-12,7.85744e-09
1.608,7.84699e-09,1.04283e-11,7.85742e-09
1.609,7.84641e-09,1.09963e-11,7.85741e-09
1.61,7.84581e-09,1.15793e-11,7.85739e-09
1.611,7.8452e-09,1.21774e-11,7.85737e-09
1.612,7.84457e-09,1.27905e-11,7.85736e-09
1.613,7.84392e-09,1.34187e-11,7.85734e-09
1.614,7.84326e-09,1.40618e-11,7.85732e-09
1.615,7.84258e-09,1.472e-11,7.8573e-09
1.616,7.84189e-09,1.53933e-11,7.85728e-09
1.617,7.84118e-09,1.60815e-11,7.85726e-09
1.618,7.84045e-09,1.67848e-11,7.85724e-09
1.619,7.83971e-09,1.75031e-11,7.85721e-09
1.62,7.83896e-09,1.82363e-11,7.85719e-09
1.621,7.83818e-09,1.89847e-11,7.85717e-09
1.622,7.8374e-09,1.9748e-11,7.85714e-09
1.623,7.83659e-09,2.05263e-11,7.85712e-09
1.624,7.83578e-09,2.13196e-11,7.8571e-09
1.625,7.83494e-09,2.21279e-11,7.85707e-09
1.626,7.83409e-09,2.29512e-11,7.85704e-09
1.627,7.83323e-09,2.37895e-11,7.85702e-09
1.628,7.83235e-09,2.46428e-11,7.85699e-09
1.629,7.83145e-09,2.55111e-11,7.85696e-09
1.63,7.83054e-09,2.63944e-11,7.85693e-09
1.631,7.82961e-09,2.72926e-11,7.8569e-09
1.632,7.82867e-09,2.82058e-11,7.85687e-09
1.633,7.82771e-09,2.9134e-11,7.85684e-09
1.634,7.82673e-09,3.00771e-11,7.85681e-09
1.635,7.82574e-09,3.10352e-11,7.85678e-09
1.636,7.82474e-09,3.20083e-11,7.85674e-09
1.637,7.82371e-09,3.29963e-11,7.85671e-09
1.638,7.82268e-09,3.39993e-11,7.85668e-09
1.639,7.82163e-09,3.50172e-11,7.85664e-09
1.64,7.82056e-09,3.60501e-11,7.85661e-09
1.641,7.81947e-09,3.70979e-11,7.85657e-09
1.642,7.81837e-09,3.81607e-11,7.85653e-09
1.643,7.81726e-09,3.92383e-11,7.8565e-09
1.644,7.81613e-09,4.03309e-11,7.85646e-09
1.645,7.81498e-09,4.14385e-11,7.85642e-09
1.646,7.81382e-09,4.25609e-11,7.85638e-09
1.647,7.81265e-09,4.36983e-11,7.85634e-09
1.648,7.81145e-09,4.48505e-11,7.8563e-09
1.649,7.81024e-09,4.60177e-11,7.85626e-09
1.65,7.80902e-09,4.71998e-11,7.85622e-09
1.651,7.80778e-09,4.83967e-11,7.85618e-09
1.652,7.80653e-09,4.96086e-11,7.85614e-09
1.653,7.80526e-09,5.08353e-11,7.85609e-09
1.654,7.80397e-09,5.2077e-11,7.85605e-09
1.655,7.80267e-09,5.33335e-11,7.856e-09
1.656,7.80135e-09,5.46048e-11,7.85596e-09
1.657,7.80002e-09,5.58911e-11,7.85591e-09
1.658,7.79868e-09,5.71921e-11,7.85587e-09
1.659,7.79731e-09,5.85081e-11,7.85582e-09
1.66,7.79593e-09,5.98389e-11,7.85577e-09
1.661,7.79454e-09,6.11845e-11,7.85572e-09
1.662,7.79313e-09,6.2545e-11,7.85568e-09
1.663,7.79171e-09,6.39204e-11,7.85563e-09
1.664,7.79027e-09,6.53105e-11,7.85558e-09
1.665,7.78881e-09,6.67155e-11,7.85553e-09
1.666,7.78734e-09,6.81353e-11,7.85547e-09
1.667,7.78585e-09,6.95699e-11,7.85542e-09
1.668,7.78435e-09,7.10193e-11,7.85537e-09
1.669,7.78283e-09,7.24835e-11,7.85532e-09
1.67,7.7813e-09,7.39625e-11,7.85526e-09
1.671,7.77975e-09,7.54563e-11,7.85521e-09
1.672,7.77819e-09,7.69648e-11,7.85515e-09
1.673,7.77661e-09,7.84882e-11,7.8551e-09
1.674,7.77502e-09,8.00263e-11,7.85504e-09
1.675,7.77341e-09,8.15792e-11,7.85498e-09
1.676,7.77178e-09,8.31468e-11,7.85493e-09
1.677,7.77014e-09,8.47292e-11,7.85487e-09
1.678,7.76848e-09,8.63264e-11,7.85481e-09
1.679,7.76681e-09,8.79383e-11,7.85475e-09
1.68,7.76513e-09,8.95649e-11,7.85469e-09
1.681,7.76342e-09,9.12062e-11,7.85463e-09
1.682,7.76171e-09,9.28623e-11,7.85457e-09
1.683,7.75997e-09,9.4533e-11,7.85451e-09
1.684,7.75823e-09,9.62185e-11,7.85445e-09
1.685,7.75646e-09,9.79187e-11,7.85438e-09
1.686,7.75469e-09,9.96336e-11,7.85432e-09
1.687,7.75289e-09,1.01363e-10,7.85425e-09
1.688,7.75108e-09,1.03107e-10,7.85419e-09
1.689,7.74926e-09,1.04866e-10,7.85412e-09
1.69,7.74742e-09,1.0664e-10,7.85406e-09
1.691,7.74556e-09,1.08428e-10,7.85399e-09
1.692,7.74369e-09,1.10231e-10,7.85392e-09
1.693,7.74181e-09,1.12049e-10,7.85386e-09
1.694,7.73991e-09,1.13881e-10,7.85379e-09
1.695,7.73799e-09,1.15727e-10,7.85372e-09
1.696,7.73606e-09,1.17589e-10,7.85365e-09
1.697,7.73411e-09,1.19465e-10,7.85358e-09
1.698,7.73215e-09,1.21356e-10,7.85351e-09
1.699,7.73018e-09,1.23261e-10,7.85344e-09
1.7,7.72818e-09,1.25181e-10,7.85336e-09
1.701,7.72618e-09,1.27115e-10,7.85329e-09
1.702,7.72415e-09,1.29064e-10,7.85322e-09
1.703,7.72212e-09,1.31028e-10,7.85314e-09
1.704,7.72006e-09,1.33006e-10,7.85307e-09
1.705,7.718e-09,1.34998e-10,7.85299e-09
1.706,7.71591e-09,1.37006e-10,7.85292e-09
1.707,7.71381e-09,1.39027e-10,7.85284e-09
1.708,7.7117e-09,1.41064e-10,7.85276e-09
1.709,7.70957e-09,1.43115e-10,7.85269e-09
1.71,7.70743e-09,1.4518e-10,7.85261e-09
1.711,7.70527e-09,1.4726e-10,7.85253e-09
1.712,7.7031e-09,1.49354e-10,7.85245e-09
1.713,7.70091e-09,1.51463e-10,7.85237e-09
1.714,7.6987e-09,1.53586e-10,7.85229e-09
1.715,7.69648e-09,1.55724e-10,7.85221e-09
1.716,7.69425e-09,1.57876e-10,7.85213e-09
1.717,7.692e-09,1.60043e-10,7.85204e-09
1.718,7.68974e-09,1.62224e-10,7.85196e-09
1.719,7.68746e-09,1.64419e-10,7.85188e-09
1.72,7.68516e-09,1.66629e-10,7.85179e-09
1.721,7.68285e-09,1.68854e-10,7.85171e-09
1.722,7.68053e-09,1.71093e-10,7.85162e-09
1.723,7.67819e-09,1.73346e-10,7.85154e-09
1.724,7.67584e-09,1.75614e-10,7.85145e-09
1.725,7.67347e-09,1.77896e-10,7.85136e-09
1.726,7.67108e-09,1.80192e-10,7.85127e-09
1.727,7.66868e-09,1.82503e-10,7.85119e-09
1.728,7.66627e-09,1.84828e-10,7.8511e-09
1.729,7.66384e-09,1.87167e-10,7.85101e-09
1.73,7.6614e-09,1.89521e-10,7.85092e-09
1.731,7.65894e-09,1.91889e-10,7.85083e-09
1.732,7.65646e-09,1.94271e-10,7.85073e-09
1.733,7.65397e-09,1.96668e-10,7.85064e-09
1.734,7.65147e-09,1.99079e-10,7.85055e-09
1.735,7.64895e-09,2.01505e-10,7.85046e-09
1.736,7.64642e-09,2.03944e-10,7.85036e-09
1.737,7.64387e-09,2.06398e-10,7.85027e-09
1.738,7.64131e-09,2.08866e-10,7.85017e-09
1.739,7.63873e-09,2.11349e-10,7.85008e-09
1.74,7.63614e-09,2.13845e-10,7.84998e-09
1.741,7.63353e-09,2.16356e-10,7.84988e-09
1.742,7.6309e-09,2.18881e-10,7.84979e-09
1.743,7.62827e-09,2.2142e-10,7.84969e-09
1.744,7.62562e-09,2.23974e-10,7.84959e-09
1.745,7.62295e-09,2.26542e-10,7.84949e-09
1.746,7.62027e-09,2.29123e-10,7.84939e-09
1.747,7.61757e-09,2.31719e-10,7.84929e-09
1.748,7.61486e-09,2.3433e-10,7.84919e-09
1.749,7.61213e-09,2.36954e-10,7.84909e-09
1.75,7.60939e-09,2.39592e-10,7.84898e-09
1.751,7.60664e-09,2.42245e-10,7.84888e-09
1.752,7.60387e-09,2.44912e-10,7.84878e-09
1.753,7.60108e-09,2.47593e-10,7.84867e-09
1.754,7.59828e-09,2.50288e-10,7.84857e-09
1.755,7.59547e-09,2.52997e-10,7.84847e-09
1.756,7.59264e-09,2.5572e-10,7.84836e-09
1.757,7.5898e-09,2.58457e-10,7.84825e-09
1.758,7.58694e-09,2.61208e-10,7.84815e-09
1.759,7.58407e-09,2.63973e-10,7.84804e-09
1.76,7.58118e-09,2.66753e-10,7.84793e-09
1.761,7.57828e-09,2.69546e-10,7.84782e-09
1.762,7.57536e-09,2.72353e-10,7.84771e-09
1.763,7.57243e-09,2.75174e-10,7.8476e-09
1.764,7.56948e-09,2.7801e-10,7.84749e-09
1.765,7.56652e-09,2.80859e-10,7.84738e-09
1.766,7.56355e-09,2.83722e-10,7.84727e-09
1.767,7.56056e-09,2.86599e-10,7.84716e-09
1.768,7.55755e-09,2.8949e-10,7.84704e-09
1.769,7.55454e-09,2.92396e-10,7.84693e-09
1.77,7.5515e-09,2.95314e-10,7.84682e-09
1.771,7.54846e-09,2.98247e-10,7.8467e-09
1.772,7.54539e-09,3.01194e-10,7.84659e-09
1.773,7.54232e-09,3.04155e-10,7.84647e-09
1.774,7.53923e-09,3.07129e-10,7.84636e-09
1.775,7.53612e-09,3.10118e-10,7.84624e-09
1.776,7.533e-09,3.1312e-10,7.84612e-09
1.777,7.52987e-09,3.16136e-10,7.846e-09
1.778,7.52672e-09,3.19166e-10,7.84588e-09
1.779,7.52356e-09,3.2221e-10,7.84577e-09
1.78,7.52038e-09,3.25267e-10,7.84565e-09
1.781,7.51719e-09,3.28338e-10,7.84553e-09
1.782,7.51398e-09,3.31423e-10,7.8454e-09
1.783,7.51076e-09,3.34522e-10,7.84528e-09
1.784,7.50753e-09,3.37635e-10,7.84516e-09
1.785,7.50428e-09,3.40761e-10,7.84504e-09
1.786,7.50101e-09,3.43901e-10,7.84492e-09
1.787,7.49774e-09,3.47055e-10,7.84479e-09
1.788,7.49444e-09,3.50222e-10,7.84467e-09
1.789,7.49114e-09,3.53403e-10,7.84454e-09
1.79,7.48782e-09,3.56598e-10,7.84442e-09
1.791,7.48448e-09,3.59807e-10,7.84429e-09
1.792,7.48114e-09,3.63029e-10,7.84416e-09
1.793,7.47777e-09,3.66264e-10,7.84404e-09
1.794,7.4744e-09,3.69514e-10,7.84391e-09
1.795,7.471e-09,3.72777e-10,7.84378e-09
1.796,7.4676e-09,3.76053e-10,7.84365e-09
1.797,7.46418e-09,3.79343e-10,7.84352e-09
1.798,7.46075e-09,3.82647e-10,7.84339e-09
1.799,7.4573e-09,3.85964e-10,7.84326e-09
1.8,7.45384e-09,3.89295e-10,7.84313e-09
1.801,7.45036e-09,3.9264e-10,7.843e-09
1.802,7.44687e-09,3.95997e-10,7.84287e-09
1.803,7.44336e-09,3.99369e-10,7.84273e-09
1.804,7.43985e-09,4.02754e-10,7.8426e-09
1.805,7.43631e-09,4.06152e-10,7.84247e-09
1.806,7.43277e-09,4.09564e-10,7.84233e-09
1.807,7.42921e-09,4.12989e-10,7.8422e-09
1.808,7.42563e-09,4.16428e-10,7.84206e-09
1.809,7.42204e-09,4.1988e-10,7.84192e-09
1.81,7.41844e-09,4.23345e-10,7.84179e-09
1.811,7.41483e-09,4.26824e-10,7.84165e-09
1.812,7.4112e-09,4.30317e-10,7.84151e-09
1.813,7.40755e-09,4.33822e-10,7.84137e-09
1.814,7.40389e-09,4.37341e-10,7.84123e-09
1.815,7.40022e-09,4.40874e-10,7.84109e-09
1.816,7.39654e-09,4.44419e-10,7.84095e-09
1.817,7.39284e-09,4.47978e-10,7.84081e-09
1.818,7.38912e-09,4.51551e-10,7.84067e-09
1.819,7.38539e-09,4.55136e-10,7.84053e-09
1.82,7.38165e-09,4.58735e-10,7.84039e-09
1.821,7.3779e-09,4.62347e-10,7.84025e-09
1.822,7.37413e-09,4.65972e-10,7.8401e-09
1.823,7.37035e-09,4.69611e-10,7.83996e-09
1.824,7.36655e-09,4.73263e-10,7.83981e-09
1.825,7.36274e-09,4.76928e-10,7.83967e-09
1.826,7.35892e-09,4.80606e-10,7.83952e-09
1.827,7.35508e-09,4.84297e-10,7.83938e-09
1.828,7.35123e-09,4.88001e-10,7.83923e-09
1.829,7.34736e-09,4.91719e-10,7.83908e-09
1.83,7.34348e-09,4.9545e-10,7.83893e-09
1.831,7.33959e-09,4.99194e-10,7.83879e-09
1.832,7.33569e-09,5.0295e-10,7.83864e-09
1.833,7.33177e-09,5.0672e-10,7.83849e-09
1.834,7.32783e-09,5.10504e-10,7.83834e-09
1.835,7.32389e-09,5.143e-10,7.83819e-09
1.836,7.31993e-09,5.18109e-10,7.83803e-09
1.837,7.31595e-09,5.21931e-10,7.83788e-09
1.838,7.31196e-09,5.25766e-10,7.83773e-09
1.839,7.30796e-09,5.29614e-10,7.83758e-09
1.84,7.30395e-09,5.33475e-10,7.83742e-09
1.841,7.29992e-09,5.37349e-10,7.83727e-09
1.842,7.29588e-09,5.41236e-10,7.83712e-09
1.843,7.29182e-09,5.45136e-10,7.83696e-09
1.844,7.28776e-09,5.49049e-10,7.83681e-09
1.845,7.28367e-09,5.52975e-10,7.83665e-09
1.846,7.27958e-09,5.56913e-10,7.83649e-09
1.847,7.27547e-09,5.60865e-10,7.83634e-09
1.848,7.27135e-09,5.64829e-10,7.83618e-09
1.849,7.26721e-09,5.68806e-10,7.83602e-09
1.85,7.26306e-09,5.72796e-10,7.83586e-09
1.851,7.2589e-09,5.76799e-10,7.8357e-09
1.852,7.25473e-09,5.80814e-10,7.83554e-09
1.853,7.25054e-09,5.84843e-10,7.83538e-09
1.854,7.24634e-09,5.88884e-10,7.83522e-09
1.855,7.24212e-09,5.92938e-10,7.83506e-09
1.856,7.23789e-09,5.97004e-10,7.8349e-09
1.857,7.23365e-09,6.01083e-10,7.83473e-09
1.858,7.2294e-09,6.05175e-10,7.83457e-09
1.859,7.22513e-09,6.0928e-10,7.83441e-09
1.86,7.22085e-09,6.13397e-10,7.83424e-09
1.861,7.21655e-09,6.17527e-10,7.83408e-09
1.862,7.21224e-09,6.21669e-10,7.83391e-09
1.863,7.20792e-09,6.25824e-10,7.83375e-09
1.864,7.20359e-09,6.29992e-10,7.83358e-09
1.865,7.19924e-09,6.34172e-10,7.83341e-09
1.866,7.19488e-09,6.38365e-10,7.83325e-09
1.867,7.19051e-09,6.4257e-10,7.83308e-09
1.868,7.18612e-09,6.46788e-10,7.83291e-09
1.869,7.18172e-09,6.51018e-10,7.83274e-09
1.87,7.17731e-09,6.55261e-10,7.83257e-09
1.871,7.17289e-09,6.59516e-10,7.8324e-09
1.872,7.16845e-09,6.63784e-10,7.83223e-09
1.873,7.164e-09,6.68064e-10,7.83206e-09
1.874,7.15953e-09,6.72357e-10,7.83189e-09
1.875,7.15506e-09,6.76662e-10,7.83172e-09
1.876,7.15057e-09,6.80979e-10,7.83154e-09
1.877,7.14606e-09,6.85309e-10,7.83137e-09
1.878,7.14155e-09,6.89651e-10,7.8312e-09
1.879,7.13702e-09,6.94005e-10,7.83102e-09
1.88,7.13248e-09,6.98372e-10,7.83085e-09
1.881,7.12792e-09,7.02751e-10,7.83067e-09
1.882,7.12336e-09,7.07142e-10,7.8305e-09
1.883,7.11878e-09,7.11546e-10,7.83032e-09
1.884,7.11418e-09,7.15962e-10,7.83015e-09
1.885,7.10958e-09,7.2039e-10,7.82997e-09
1.886,7.10496e-09,7.2483e-10,7.82979e-09
1.887,7.10033e-09,7.29282e-10,7.82961e-09
1.888,7.09569e-09,7.33747e-10,7.82943e-09
1.889,7.09103e-09,7.38224e-10,7.82925e-09
1.89,7.08636e-09,7.42713e-10,7.82907e-09
1.891,7.08168e-09,7.47214e-10,7.82889e-09
1.892,7.07699e-09,7.51727e-10,7.82871e-09
1.893,7.07228e-09,7.56252e-10,7.82853e-09
1.894,7.06756e-09,7.60789e-10,7.82835e-09
1.895,7.06283e-09,7.65339e-10,7.82817e-09
1.896,7.05809e-09,7.699e-10,7.82799e-09
1.897,7.05333e-09,7.74473e-10,7.8278e-09
1.898,7.04856e-09,7.79059e-10,7.82762e-09
1.899,7.04378e-09,7.83656e-10,7.82743e-09
1.9,7.03898e-09,7.88265e-10,7.82725e-09
1.901,7.03418e-09,7.92886e-10,7.82706e-09
1.902,7.02936e-09,7.97519e-10,7.82688e-09
1.903,7.02453e-09,8.02164e-10,7.82669e-09
1.904,7.01968e-09,8.06821e-10,7.8265e-09
1.905,7.01483e-09,8.1149e-10,7.82632e-09
1.906,7.00996e-09,8.16171e-10,7.82613e-09
1.907,7.00508e-09,8.20863e-10,7.82594e-09
1.908,7.00019e-09,8.25567e-10,7.82575e-09
1.909,6.99528e-09,8.30283e-10,7.82556e-09
1.91,6.99036e-09,8.35011e-10,7.82537e-09
1.911,6.98543e-09,8.39751e-10,7.82518e-09
1.912,6.98049e-09,8.44502e-10,7.82499e-09
1.913,6.97554e-09,8.49265e-10,7.8248e-09
1.914,6.97057e-09,8.5404e-10,7.82461e-09
1.915,6.96559e-09,8.58826e-10,7.82442e-09
1.916,6.9606e-09,8.63624e-10,7.82422e-09
1.917,6.9556e-09,8.68434e-10,7.82403e-09
1.918,6.95058e-09,8.73255e-10,7.82384e-09
1.919,6.94556e-09,8.78088e-10,7.82364e-09
1.92,6.94052e-09,8.82932e-10,7.82345e-09
1.921,6.93546e-09,8.87788e-10,7.82325e-09
1.922,6.9304e-09,8.92656e-10,7.82306e-09
1.923,6.92533e-09,8.97535e-10,7.82286e-09
1.924,6.92024e-09,9.02426e-10,7.82266e-09
1.925,6.91514e-09,9.07328e-10,7.82247e-09
1.926,6.91003e-09,9.12241e-10,7.82227e-09
1.927,6.90491e-09,9.17166e-10,7.82207e-09
1.928,6.89977e-09,9.22103e-10,7.82187e-09
1.929,6.89462e-09,9.2705e-10,7.82167e-09
1.93,6.88947e-09,9.32009e-10,7.82147e-09
1.931,6.88429e-09,9.3698e-10,7.82127e-09
1.932,6.87911e-09,9.41962e-10,7.82107e-09
1.933,6.87392e-09,9.46955e-10,7.82087e-09
1.934,6.86871e-09,9.5196e-10,7.82067e-09
1.935,6.86349e-09,9.56975e-10,7.82047e-09
1.936,6.85827e-09,9.62002e-10,7.82027e-09
1.937,6.85302e-09,9.67041e-10,7.82006e-09
1.938,6.84777e-09,9.7209e-10,7.81986e-09
1.939,6.84251e-09,9.77151e-10,7.81966e-09
1.94,6.83723e-09,9.82223e-10,7.81945e-09
1.941,6.83194e-09,9.87306e-10,7.81925e-09
1.942,6.82664e-09,9.924e-10,7.81904e-09
1.943,6.82133e-09,9.97505e-10,7.81884e-09
1.944,6.81601e-09,1.00262e-09,7.81863e-09
1.945,6.81068e-09,1.00775e-09,7.81843e-09
1.946,6.80533e-09,1.01289e-09,7.81822e-09
1.947,6.79997e-09,1.01804e-09,7.81801e-09
1.948,6.7946e-09,1.0232e-09,7.8178e-09
1.949,6.78922e-09,1.02837e-09,7.81759e-09
1.95,6.78383e-09,1.03355e-09,7.81739e-09
1.951,6.77843e-09,1.03875e-09,7.81718e-09
1.952,6.77302e-09,1.04395e-09,7.81697e-09
1.953,6.76759e-09,1.04917e-09,7.81676e-09
1.954,6.76215e-09,1.05439e-09,7.81654e-09
1.955,6.7567e-09,1.05963e-09,7.81633e-09
1.956,6.75124e-09,1.06488e-09,7.81612e-09
1.957,6.74577e-09,1.07014e-09,7.81591e-09
1.958,6.74029e-09,1.07541e-09,7.8157e-09
1.959,6.7348e-09,1.08069e-09,7.81548e-09
1.96,6.72929e-09,1.08598e-09,7.81527e-09
1.961,6.72378e-09,1.09128e-09,7.81506e-09
1.962,6.71825e-09,1.09659e-09,7.81484e-09
1.963,6.71271e-09,1.10192e-09,7.81463e-09
1.964,6.70716e-09,1.10725e-09,7.81441e-09
1.965,6.7016e-09,1.11259e-09,7.8142e-09
1.966,6.69603e-09,1.11795e-09,7.81398e-09
1.967,6.69045e-09,1.12332e-09,7.81376e-09
1.968,6.68485e-09,1.12869e-09,7.81355e-09
1.969,6.67925e-09,1.13408e-09,7.81333e-09
1.97,6.67363e-09,1.13948e-09,7.81311e-09
1.971,6.66801e-09,1.14489e-09,7.81289e-09
1.972,6.66237e-09,1.1503e-09,7.81267e-09
1.973,6.65672e-09,1.15573e-09,7.81245e-09
1.974,6.65106e-09,1.16117e-09,7.81223e-09
1.975,6.64539e-09,1.16662e-09,7.81201e-09
1.976,6.63971e-09,1.17208e-09,7.81179e-09
1.977,6.63402e-09,1.17756e-09,7.81157e-09
1.978,6.62831e-09,1.18304e-09,7.81135e-09
1.979,6.6226e-09,1.18853e-09,7.81113e-09
1.98,6.61688e-09,1.19403e-09,7.81091e-09
1.981,6.61114e-09,1.19954e-09,7.81068e-09
1.982,6.60539e-09,1.20507e-09,7.81046e-09
1.983,6.59964e-09,1.2106e-09,7.81024e-09
1.984,6.59387e-09,1.21614e-09,7.81001e-09
1.985,6.58809e-09,1.2217e-09,7.80979e-09
1.986,6.5823e-09,1.22726e-09,7.80956e-09
1.987,6.5765e-09,1.23283e-09,7.80934e-09
1.988,6.57069e-09,1.23842e-09,7.80911e-09
1.989,6.56487e-09,1.24401e-09,7.80889e-09
1.99,6.55904e-09,1.24962e-09,7.80866e-09
1.991,6.5532e-09,1.25523e-09,7.80843e-09
1.992,6.54735e-09,1.26085e-09,7.8082e-09
1.993,6.54149e-09,1.26649e-09,7.80798e-09
1.994,6.53561e-09,1.27213e-09,7.80775e-09
1.995,6.52973e-09,1.27779e-09,7.80752e-09
1.996,6.52384e-09,1.28345e-09,7.80729e-09
1.997,6.51793e-09,1.28913e-09,7.80706e-09
1.998,6.51202e-09,1.29481e-09,7.80683e-09
1.999,6.50609e-09,1.30051e-09,7.8066e-09
2,6.50016e-09,1.30621e-09,7.80637e-09
